deal_id,rep_id,product,segment,stage,deal_value,open_date,close_date,days_in_stage,opportunity_lost_value
1,1,Fibre,Enterprise,Prospecting,224000,8/09/2023,,480,0
2,1,Broadband,Enterprise,Prospecting,33500,23/11/2024,,38,0
3,1,Cloud Connect,Enterprise,Prospecting,150500,2/02/2023,,698,0
4,1,Fibre,Enterprise,Prospecting,202000,1/06/2024,,213,0
5,1,Cloud Connect,Enterprise,Prospecting,92000,27/10/2024,,65,0
6,1,Cloud Connect,Enterprise,Proposal,158000,26/08/2024,,127,0
7,1,Mobile,Enterprise,Closed Won,15500,13/06/2023,24/09/2023,103,0
8,1,Managed Network,Enterprise,Qualify,141500,9/08/2023,,510,0
9,1,Mobile,Enterprise,Prospecting,40000,10/04/2023,,631,0
10,1,Mobile,Enterprise,Closed Won,54500,28/09/2023,23/01/2024,117,0
11,1,Fibre,Enterprise,Closed Won,361000,8/05/2023,9/07/2023,62,0
12,1,Fibre,Enterprise,Negotiate,409500,25/09/2024,,97,0
13,1,Mobile,Enterprise,Negotiate,61000,13/03/2023,,659,0
14,1,Fibre,Enterprise,Negotiate,485500,24/10/2023,,434,0
15,1,Fibre,Enterprise,Closed Won,133000,25/01/2024,14/03/2024,49,0
16,1,Managed Network,Enterprise,Negotiate,251500,16/06/2023,,564,0
17,1,Mobile,Enterprise,Proposal,59000,1/10/2023,,457,0
18,1,Fibre,Enterprise,Negotiate,169500,30/06/2024,,184,0
19,1,Broadband,Enterprise,Qualify,69500,4/10/2023,,454,0
20,1,Cloud Connect,Enterprise,Qualify,125000,27/02/2023,,673,0
21,1,Broadband,Enterprise,Closed Won,61500,15/02/2024,3/04/2024,48,0
22,1,Fibre,Enterprise,Qualify,377500,19/11/2023,,408,0
23,1,Broadband,Enterprise,Negotiate,72000,20/10/2024,,72,0
24,1,Managed Network,Enterprise,Prospecting,133000,10/09/2023,,478,0
25,1,Cloud Connect,Enterprise,Proposal,236000,21/08/2024,,132,0
26,1,Managed Network,Enterprise,Closed Won,269500,6/01/2024,17/02/2024,42,0
27,1,Broadband,Enterprise,Proposal,32000,18/02/2023,,682,0
28,1,Fibre,Enterprise,Qualify,164000,27/11/2024,,34,0
29,1,Managed Network,Enterprise,Negotiate,261500,26/01/2024,,340,0
30,1,Cloud Connect,Enterprise,Lost,178500,15/09/2023,8/12/2023,84,178500
31,1,Fibre,Enterprise,Negotiate,140000,29/11/2024,,32,0
32,1,Cloud Connect,Enterprise,Closed Won,241500,18/10/2024,14/12/2024,57,0
33,1,Fibre,Enterprise,Qualify,163000,9/04/2024,,266,0
34,1,Fibre,Enterprise,Lost,457500,27/09/2023,14/12/2023,78,457500
35,1,Broadband,Enterprise,Proposal,34000,2/10/2024,,90,0
36,1,Mobile,Enterprise,Closed Won,48500,15/09/2024,24/10/2024,39,0
37,1,Broadband,Enterprise,Proposal,41000,6/07/2024,,178,0
38,1,Cloud Connect,Enterprise,Lost,197000,28/11/2023,12/02/2024,76,197000
39,1,Fibre,Enterprise,Prospecting,270500,11/11/2023,,416,0
40,1,Broadband,Enterprise,Prospecting,94500,22/03/2023,,650,0
41,1,Fibre,Enterprise,Closed Won,116500,29/06/2024,19/10/2024,112,0
42,1,Broadband,Enterprise,Prospecting,82500,16/07/2024,,168,0
43,1,Broadband,Enterprise,Qualify,99500,9/03/2024,,297,0
44,1,Broadband,Enterprise,Lost,119000,25/07/2023,7/11/2023,105,119000
45,1,Mobile,Enterprise,Proposal,59000,27/10/2024,,65,0
46,1,Mobile,Enterprise,Proposal,49000,7/04/2024,,268,0
47,1,Fibre,Enterprise,Qualify,113500,13/12/2023,,384,0
48,1,Fibre,Enterprise,Negotiate,200500,25/08/2024,,128,0
49,1,Broadband,Enterprise,Prospecting,113000,8/10/2024,,84,0
50,1,Fibre,Enterprise,Qualify,96500,5/12/2023,,392,0
51,1,Fibre,Enterprise,Proposal,226000,16/11/2024,,45,0
52,1,Managed Network,Enterprise,Qualify,129500,7/08/2024,,146,0
53,1,Cloud Connect,Enterprise,Proposal,245500,29/04/2024,,246,0
54,1,Managed Network,Enterprise,Qualify,111000,5/11/2024,,56,0
55,1,Managed Network,Enterprise,Proposal,275500,23/04/2024,,252,0
56,1,Fibre,Enterprise,Negotiate,419000,11/04/2023,,630,0
57,1,Fibre,Enterprise,Proposal,258000,22/04/2023,,619,0
58,1,Broadband,Enterprise,Qualify,90500,4/04/2024,,271,0
59,1,Broadband,Enterprise,Proposal,56500,18/04/2024,,257,0
60,1,Broadband,Enterprise,Closed Won,30000,29/03/2024,24/07/2024,117,0
61,1,Cloud Connect,Enterprise,Prospecting,211000,7/07/2024,,177,0
62,1,Fibre,Enterprise,Lost,475000,31/08/2023,5/10/2023,35,475000
63,1,Managed Network,Enterprise,Proposal,172000,15/02/2024,,320,0
64,1,Fibre,Enterprise,Qualify,81000,4/02/2024,,331,0
65,1,Mobile,Enterprise,Lost,66500,10/04/2024,30/05/2024,50,66500
66,1,Managed Network,Enterprise,Negotiate,315000,8/06/2023,,572,0
67,1,Broadband,Enterprise,Qualify,27500,16/08/2024,,137,0
68,1,Cloud Connect,Enterprise,Prospecting,122000,28/02/2023,,672,0
69,1,Fibre,Enterprise,Negotiate,343500,27/06/2024,,187,0
70,1,Broadband,Enterprise,Prospecting,86500,24/03/2023,,648,0
71,1,Broadband,Enterprise,Prospecting,29000,22/11/2024,,39,0
72,1,Broadband,Enterprise,Proposal,94500,10/09/2023,,478,0
73,1,Cloud Connect,Enterprise,Negotiate,202500,25/03/2023,,647,0
74,1,Managed Network,Enterprise,Negotiate,334000,20/11/2023,,407,0
75,1,Mobile,Enterprise,Qualify,62000,18/11/2023,,409,0
76,1,Broadband,Enterprise,Qualify,37000,18/11/2024,,43,0
77,1,Mobile,Enterprise,Proposal,76000,16/03/2023,,656,0
78,1,Fibre,Enterprise,Proposal,375000,13/04/2023,,628,0
79,1,Fibre,Enterprise,Proposal,345000,29/09/2023,,459,0
80,1,Broadband,Enterprise,Lost,29000,8/09/2023,8/11/2023,61,29000
81,1,Mobile,Enterprise,Qualify,69500,10/07/2024,,174,0
82,1,Mobile,Enterprise,Negotiate,79500,31/10/2024,,61,0
83,1,Cloud Connect,Enterprise,Prospecting,185500,3/11/2023,,424,0
84,1,Fibre,Enterprise,Lost,150500,28/09/2023,26/10/2023,28,150500
85,1,Fibre,Enterprise,Closed Won,161500,6/10/2023,25/11/2023,50,0
86,1,Cloud Connect,Enterprise,Qualify,130000,28/07/2023,,522,0
87,1,Mobile,Enterprise,Proposal,31500,22/02/2023,,678,0
88,1,Fibre,Enterprise,Negotiate,225000,15/02/2023,,685,0
89,1,Fibre,Enterprise,Qualify,148500,14/10/2024,,78,0
90,1,Mobile,Enterprise,Qualify,44000,18/07/2024,,166,0
91,1,Managed Network,Enterprise,Negotiate,118500,19/03/2023,,653,0
92,1,Broadband,Enterprise,Proposal,68500,19/08/2024,,134,0
93,1,Cloud Connect,Enterprise,Prospecting,73500,12/02/2023,,688,0
94,1,Mobile,Enterprise,Proposal,76000,10/02/2023,,690,0
95,1,Mobile,Enterprise,Qualify,31500,13/11/2024,,48,0
96,2,Mobile,SMB,Closed Won,16500,21/02/2024,24/05/2024,93,0
97,2,Broadband,SMB,Lost,11000,16/06/2023,10/10/2023,116,11000
98,2,Broadband,SMB,Closed Won,4000,3/07/2023,19/10/2023,108,0
99,2,Mobile,SMB,Closed Won,8500,16/11/2024,31/12/2024,45,0
100,2,Broadband,SMB,Qualify,6500,27/01/2024,,339,0
101,2,Fibre,SMB,Closed Won,19500,24/07/2023,19/11/2023,118,0
102,2,Managed Network,SMB,Qualify,11500,17/08/2023,,502,0
103,2,Fibre,SMB,Negotiate,31000,3/12/2023,,394,0
104,2,Mobile,SMB,Closed Won,18000,13/10/2023,10/12/2023,58,0
105,2,Cloud Connect,SMB,Proposal,14000,29/01/2023,,702,0
106,2,Fibre,SMB,Closed Won,22000,2/07/2023,28/09/2023,88,0
107,2,Mobile,SMB,Prospecting,12000,20/03/2024,,286,0
108,2,Mobile,SMB,Closed Won,7000,22/03/2024,21/06/2024,91,0
109,2,Cloud Connect,SMB,Prospecting,9000,18/09/2023,,470,0
110,2,Fibre,SMB,Closed Won,5000,16/06/2024,11/10/2024,117,0
111,2,Cloud Connect,SMB,Negotiate,9500,8/01/2024,,358,0
112,2,Managed Network,SMB,Prospecting,26000,5/12/2023,,392,0
113,2,Cloud Connect,SMB,Qualify,7000,4/11/2023,,423,0
114,2,Cloud Connect,SMB,Qualify,16500,1/12/2023,,396,0
115,2,Managed Network,SMB,Negotiate,22000,11/05/2023,,600,0
116,2,Broadband,SMB,Proposal,15500,24/11/2024,,37,0
117,2,Broadband,SMB,Negotiate,13000,20/02/2024,,315,0
118,2,Cloud Connect,SMB,Closed Won,13000,21/10/2023,30/11/2023,40,0
119,2,Managed Network,SMB,Closed Won,24000,1/11/2024,26/12/2024,55,0
120,2,Managed Network,SMB,Proposal,26000,7/08/2023,,512,0
121,2,Cloud Connect,SMB,Proposal,8500,5/11/2024,,56,0
122,2,Fibre,SMB,Qualify,27000,6/04/2023,,635,0
123,2,Broadband,SMB,Negotiate,10500,23/07/2023,,527,0
124,2,Broadband,SMB,Prospecting,11000,1/05/2024,,244,0
125,2,Cloud Connect,SMB,Closed Won,5500,11/04/2024,17/06/2024,67,0
126,2,Cloud Connect,SMB,Qualify,15500,21/05/2024,,224,0
127,2,Managed Network,SMB,Qualify,25500,6/01/2023,,725,0
128,2,Fibre,SMB,Closed Won,19500,30/06/2023,24/10/2023,116,0
129,2,Cloud Connect,SMB,Proposal,11000,5/05/2023,,606,0
130,2,Managed Network,SMB,Prospecting,19000,14/11/2024,,47,0
131,2,Cloud Connect,SMB,Lost,13500,29/03/2024,29/06/2024,92,13500
132,2,Cloud Connect,SMB,Proposal,17500,12/06/2023,,568,0
133,2,Managed Network,SMB,Proposal,28500,11/09/2023,,477,0
134,2,Mobile,SMB,Closed Won,10500,11/05/2024,13/08/2024,94,0
135,2,Broadband,SMB,Qualify,5500,20/10/2023,,438,0
136,2,Broadband,SMB,Qualify,13500,7/07/2024,,177,0
137,2,Fibre,SMB,Prospecting,20000,28/01/2024,,338,0
138,2,Broadband,SMB,Closed Won,5000,29/02/2024,5/05/2024,66,0
139,2,Mobile,SMB,Proposal,9000,5/03/2023,,667,0
140,2,Broadband,SMB,Closed Won,16000,21/08/2024,2/12/2024,103,0
141,2,Fibre,SMB,Closed Won,30000,3/05/2024,17/05/2024,14,0
142,2,Mobile,SMB,Qualify,8500,5/03/2024,,301,0
143,2,Cloud Connect,SMB,Closed Won,10000,14/05/2024,25/06/2024,42,0
144,2,Mobile,SMB,Proposal,2500,3/02/2024,,332,0
145,2,Mobile,SMB,Negotiate,15000,19/02/2024,,316,0
146,2,Broadband,SMB,Closed Won,7000,29/09/2024,20/12/2024,82,0
147,2,Fibre,SMB,Lost,7000,27/03/2023,1/07/2023,96,7000
148,2,Managed Network,SMB,Prospecting,19000,6/07/2023,,544,0
149,2,Fibre,SMB,Qualify,26500,5/08/2023,,514,0
150,2,Managed Network,SMB,Qualify,29000,24/01/2024,,342,0
151,2,Mobile,SMB,Closed Won,15500,7/03/2024,22/04/2024,46,0
152,2,Fibre,SMB,Proposal,8500,25/12/2023,,372,0
153,2,Broadband,SMB,Negotiate,24500,11/02/2023,,689,0
154,2,Fibre,SMB,Lost,18000,21/01/2023,24/04/2023,93,18000
155,2,Broadband,SMB,Qualify,18500,16/11/2024,,45,0
156,2,Fibre,SMB,Negotiate,19500,21/04/2024,,254,0
157,3,Mobile,Enterprise,Closed Won,26000,12/09/2024,12/12/2024,91,0
158,3,Fibre,Enterprise,Closed Won,166000,15/11/2023,12/12/2023,27,0
159,3,Cloud Connect,Enterprise,Prospecting,122000,12/08/2024,,141,0
160,3,Managed Network,Enterprise,Proposal,164000,19/03/2023,,653,0
161,3,Cloud Connect,Enterprise,Negotiate,204500,6/09/2023,,482,0
162,3,Fibre,Enterprise,Negotiate,238000,1/12/2024,,30,0
163,3,Cloud Connect,Enterprise,Closed Won,248500,2/08/2024,24/11/2024,114,0
164,3,Fibre,Enterprise,Qualify,304500,8/11/2024,,53,0
165,3,Mobile,Enterprise,Prospecting,57500,16/12/2023,,381,0
166,3,Fibre,Enterprise,Closed Won,337000,19/04/2023,27/06/2023,69,0
167,3,Mobile,Enterprise,Negotiate,69500,15/04/2024,,260,0
168,3,Broadband,Enterprise,Proposal,116000,18/06/2024,,196,0
169,3,Mobile,Enterprise,Negotiate,75500,5/07/2024,,179,0
170,3,Managed Network,Enterprise,Proposal,200500,27/11/2023,,400,0
171,3,Broadband,Enterprise,Closed Won,31500,13/10/2023,23/12/2023,71,0
172,3,Broadband,Enterprise,Closed Won,94500,16/09/2024,24/12/2024,99,0
173,3,Managed Network,Enterprise,Qualify,319000,29/11/2023,,398,0
174,3,Broadband,Enterprise,Proposal,66500,22/09/2023,,466,0
175,3,Mobile,Enterprise,Qualify,54000,10/10/2023,,448,0
176,3,Cloud Connect,Enterprise,Prospecting,90000,29/03/2023,,643,0
177,3,Broadband,Enterprise,Closed Won,84000,22/07/2024,10/11/2024,111,0
178,3,Broadband,Enterprise,Negotiate,104500,17/05/2024,,228,0
179,3,Managed Network,Enterprise,Closed Won,109000,29/10/2023,10/12/2023,42,0
180,3,Managed Network,Enterprise,Negotiate,220500,10/11/2024,,51,0
181,3,Cloud Connect,Enterprise,Proposal,185000,27/06/2024,,187,0
182,3,Mobile,Enterprise,Proposal,64000,17/07/2024,,167,0
183,3,Mobile,Enterprise,Proposal,44500,5/10/2023,,453,0
184,3,Mobile,Enterprise,Qualify,23000,17/07/2023,,533,0
185,3,Mobile,Enterprise,Prospecting,50000,9/07/2023,,541,0
186,3,Broadband,Enterprise,Qualify,83500,11/10/2023,,447,0
187,3,Cloud Connect,Enterprise,Lost,177500,3/09/2024,23/10/2024,50,177500
188,3,Fibre,Enterprise,Closed Won,235500,21/08/2023,20/10/2023,60,0
189,3,Broadband,Enterprise,Qualify,113000,30/06/2024,,184,0
190,3,Broadband,Enterprise,Qualify,27000,20/07/2024,,164,0
191,3,Mobile,Enterprise,Negotiate,23500,15/10/2024,,77,0
192,3,Managed Network,Enterprise,Prospecting,66500,10/08/2024,,143,0
193,3,Mobile,Enterprise,Proposal,44000,15/12/2023,,382,0
194,3,Broadband,Enterprise,Lost,53000,4/05/2024,1/06/2024,28,53000
195,3,Fibre,Enterprise,Proposal,119000,13/08/2024,,140,0
196,3,Fibre,Enterprise,Qualify,375000,8/11/2023,,419,0
197,3,Fibre,Enterprise,Lost,142000,25/07/2024,13/11/2024,111,142000
198,3,Managed Network,Enterprise,Negotiate,178500,19/06/2024,,195,0
199,3,Managed Network,Enterprise,Proposal,292000,1/11/2023,,426,0
200,3,Cloud Connect,Enterprise,Lost,120000,5/08/2024,6/11/2024,93,120000
201,3,Fibre,Enterprise,Negotiate,468000,12/04/2023,,629,0
202,3,Broadband,Enterprise,Negotiate,54500,7/11/2024,,54,0
203,3,Fibre,Enterprise,Qualify,171000,19/07/2024,,165,0
204,3,Fibre,Enterprise,Qualify,294000,6/04/2024,,269,0
205,3,Cloud Connect,Enterprise,Proposal,48500,26/08/2023,,493,0
206,3,Mobile,Enterprise,Closed Won,61000,9/04/2024,2/05/2024,23,0
207,3,Broadband,Enterprise,Lost,102000,26/08/2024,2/12/2024,98,102000
208,3,Broadband,Enterprise,Proposal,91500,19/08/2023,,500,0
209,3,Broadband,Enterprise,Lost,38500,15/03/2023,5/04/2023,21,38500
210,3,Broadband,Enterprise,Closed Won,98000,5/08/2024,24/09/2024,50,0
211,3,Managed Network,Enterprise,Prospecting,219500,17/02/2024,,318,0
212,3,Mobile,Enterprise,Proposal,47500,24/03/2024,,282,0
213,3,Fibre,Enterprise,Negotiate,306500,27/11/2023,,400,0
214,3,Cloud Connect,Enterprise,Qualify,64000,23/08/2023,,496,0
215,3,Cloud Connect,Enterprise,Negotiate,45500,19/11/2024,,42,0
216,3,Mobile,Enterprise,Negotiate,65000,29/06/2023,,551,0
217,3,Managed Network,Enterprise,Proposal,292000,12/10/2023,,446,0
218,3,Broadband,Enterprise,Lost,77000,12/10/2024,31/12/2024,80,77000
219,3,Managed Network,Enterprise,Lost,306500,23/12/2023,27/02/2024,66,306500
220,3,Mobile,Enterprise,Qualify,22000,14/06/2023,,566,0
221,3,Mobile,Enterprise,Proposal,47500,23/10/2023,,435,0
222,3,Managed Network,Enterprise,Closed Won,348500,7/02/2023,20/04/2023,72,0
223,3,Fibre,Enterprise,Qualify,249500,29/04/2023,,612,0
224,3,Managed Network,Enterprise,Closed Won,60500,4/11/2024,31/12/2024,57,0
225,3,Managed Network,Enterprise,Proposal,158500,14/06/2024,,200,0
226,3,Mobile,Enterprise,Negotiate,47500,2/10/2024,,90,0
227,3,Managed Network,Enterprise,Closed Won,166500,1/10/2023,24/12/2023,84,0
228,3,Broadband,Enterprise,Lost,77500,11/05/2024,9/06/2024,29,77500
229,3,Fibre,Enterprise,Lost,399000,3/09/2023,16/12/2023,104,399000
230,3,Broadband,Enterprise,Qualify,22000,19/07/2024,,165,0
231,3,Managed Network,Enterprise,Prospecting,119500,17/04/2024,,258,0
232,3,Fibre,Enterprise,Negotiate,160500,25/05/2024,,220,0
233,3,Mobile,Enterprise,Proposal,33000,1/03/2024,,305,0
234,3,Managed Network,Enterprise,Lost,188000,12/04/2024,5/07/2024,84,188000
235,3,Broadband,Enterprise,Proposal,98500,4/06/2024,,210,0
236,3,Broadband,Enterprise,Closed Won,56000,29/02/2024,26/04/2024,57,0
237,3,Cloud Connect,Enterprise,Qualify,40500,17/10/2023,,441,0
238,3,Mobile,Enterprise,Closed Won,53000,6/11/2024,31/12/2024,55,0
239,3,Broadband,Enterprise,Proposal,83500,20/12/2023,,377,0
240,3,Mobile,Enterprise,Negotiate,50500,22/01/2024,,344,0
241,3,Managed Network,Enterprise,Lost,159000,2/09/2023,28/11/2023,87,159000
242,3,Managed Network,Enterprise,Qualify,275500,14/02/2023,,686,0
243,3,Mobile,Enterprise,Closed Won,61000,26/01/2024,29/03/2024,63,0
244,3,Broadband,Enterprise,Proposal,25000,10/05/2023,,601,0
245,3,Cloud Connect,Enterprise,Lost,127000,13/04/2023,22/06/2023,70,127000
246,3,Fibre,Enterprise,Proposal,319500,16/01/2023,,715,0
247,3,Broadband,Enterprise,Proposal,106000,8/06/2023,,572,0
248,3,Fibre,Enterprise,Proposal,219000,13/12/2023,,384,0
249,3,Cloud Connect,Enterprise,Negotiate,210500,24/03/2023,,648,0
250,3,Mobile,Enterprise,Closed Won,71500,30/06/2024,31/08/2024,62,0
251,3,Mobile,Enterprise,Negotiate,73000,14/05/2024,,231,0
252,3,Cloud Connect,Enterprise,Prospecting,58000,29/08/2023,,490,0
253,3,Mobile,Enterprise,Lost,64000,3/04/2023,11/06/2023,69,64000
254,3,Fibre,Enterprise,Closed Won,449000,13/04/2023,22/06/2023,70,0
255,3,Broadband,Enterprise,Negotiate,24000,17/02/2023,,683,0
256,4,Fibre,SMB,Qualify,29500,17/03/2024,,289,0
257,4,Broadband,SMB,Qualify,16500,2/08/2024,,151,0
258,4,Broadband,SMB,Qualify,5500,16/09/2024,,106,0
259,4,Managed Network,SMB,Negotiate,12000,24/05/2024,,221,0
260,4,Cloud Connect,SMB,Prospecting,18000,15/10/2024,,77,0
261,4,Mobile,SMB,Proposal,13000,10/01/2023,,721,0
262,4,Managed Network,SMB,Lost,26000,13/07/2024,16/08/2024,34,26000
263,4,Fibre,SMB,Proposal,27500,24/08/2024,,129,0
264,4,Mobile,SMB,Negotiate,9000,14/09/2023,,474,0
265,4,Managed Network,SMB,Closed Won,10500,29/01/2024,13/04/2024,75,0
266,4,Fibre,SMB,Qualify,28500,11/08/2024,,142,0
267,4,Mobile,SMB,Lost,7000,23/01/2023,23/05/2023,120,7000
268,4,Managed Network,SMB,Qualify,22500,20/02/2023,,680,0
269,4,Cloud Connect,SMB,Closed Won,12500,24/08/2023,23/11/2023,91,0
270,4,Mobile,SMB,Qualify,5000,27/09/2024,,95,0
271,4,Mobile,SMB,Negotiate,14000,6/11/2024,,55,0
272,4,Broadband,SMB,Negotiate,23500,23/10/2024,,69,0
273,4,Fibre,SMB,Qualify,34000,4/02/2023,,696,0
274,4,Cloud Connect,SMB,Proposal,7500,3/04/2023,,638,0
275,4,Mobile,SMB,Qualify,9000,29/06/2023,,551,0
276,4,Broadband,SMB,Prospecting,20500,10/01/2024,,356,0
277,4,Cloud Connect,SMB,Proposal,12000,18/06/2023,,562,0
278,4,Mobile,SMB,Lost,17500,8/05/2024,2/09/2024,117,17500
279,4,Mobile,SMB,Closed Won,7500,28/04/2023,10/07/2023,73,0
280,4,Fibre,SMB,Prospecting,20000,23/11/2024,,38,0
281,4,Managed Network,SMB,Lost,22500,10/01/2024,4/02/2024,25,22500
282,4,Managed Network,SMB,Prospecting,21500,7/05/2023,,604,0
283,4,Managed Network,SMB,Proposal,28500,19/11/2024,,42,0
284,4,Mobile,SMB,Negotiate,15500,15/10/2024,,77,0
285,4,Mobile,SMB,Prospecting,6000,27/04/2024,,248,0
286,4,Fibre,SMB,Negotiate,26500,16/09/2024,,106,0
287,4,Broadband,SMB,Negotiate,24000,20/04/2024,,255,0
288,4,Mobile,SMB,Negotiate,4000,24/05/2023,,587,0
289,4,Fibre,SMB,Lost,25000,19/05/2024,16/06/2024,28,25000
290,4,Fibre,SMB,Qualify,14000,2/02/2024,,333,0
291,4,Managed Network,SMB,Proposal,28500,7/07/2024,,177,0
292,4,Managed Network,SMB,Negotiate,28000,8/06/2023,,572,0
293,4,Managed Network,SMB,Negotiate,20000,22/09/2024,,100,0
294,4,Managed Network,SMB,Lost,13000,3/02/2023,16/05/2023,102,13000
295,4,Mobile,SMB,Qualify,9500,30/08/2023,,489,0
296,4,Mobile,SMB,Prospecting,13000,12/01/2024,,354,0
297,4,Cloud Connect,SMB,Lost,15000,4/03/2023,7/05/2023,64,15000
298,4,Mobile,SMB,Qualify,4000,10/04/2024,,265,0
299,4,Fibre,SMB,Negotiate,6500,21/02/2023,,679,0
300,4,Mobile,SMB,Qualify,4000,1/08/2024,,152,0
301,4,Broadband,SMB,Prospecting,21000,1/08/2023,,518,0
302,4,Cloud Connect,SMB,Qualify,10500,3/12/2023,,394,0
303,4,Broadband,SMB,Closed Won,22500,3/01/2023,21/02/2023,49,0
304,4,Broadband,SMB,Lost,20500,14/09/2023,8/01/2024,116,20500
305,4,Broadband,SMB,Prospecting,4000,15/05/2023,,596,0
306,4,Fibre,SMB,Proposal,20500,25/08/2024,,128,0
307,4,Mobile,SMB,Prospecting,6500,23/02/2023,,677,0
308,4,Broadband,SMB,Closed Won,20000,27/04/2023,14/08/2023,109,0
309,4,Fibre,SMB,Proposal,28500,9/06/2024,,205,0
310,4,Cloud Connect,SMB,Prospecting,19500,15/08/2023,,504,0
311,4,Cloud Connect,SMB,Prospecting,13000,14/04/2024,,261,0
312,4,Fibre,SMB,Prospecting,36500,16/02/2024,,319,0
313,4,Managed Network,SMB,Negotiate,20000,30/03/2024,,276,0
314,4,Fibre,SMB,Closed Won,26000,14/09/2024,16/10/2024,32,0
315,4,Fibre,SMB,Prospecting,26500,26/01/2024,,340,0
316,4,Cloud Connect,SMB,Proposal,18000,1/06/2024,,213,0
317,4,Cloud Connect,SMB,Proposal,6500,1/11/2024,,60,0
318,4,Cloud Connect,SMB,Closed Won,10000,16/03/2024,26/05/2024,71,0
319,4,Broadband,SMB,Proposal,18000,13/02/2024,,322,0
320,4,Managed Network,SMB,Closed Won,14000,13/03/2024,6/05/2024,54,0
321,4,Mobile,SMB,Proposal,4500,30/04/2024,,245,0
322,4,Fibre,SMB,Prospecting,10500,6/04/2023,,635,0
323,4,Managed Network,SMB,Prospecting,28000,17/01/2024,,349,0
324,4,Broadband,SMB,Negotiate,22000,29/07/2024,,155,0
325,4,Cloud Connect,SMB,Qualify,7000,25/02/2024,,310,0
326,4,Mobile,SMB,Closed Won,17500,9/03/2024,23/06/2024,106,0
327,4,Fibre,SMB,Lost,25500,27/12/2023,23/01/2024,27,25500
328,4,Cloud Connect,SMB,Proposal,8000,3/11/2024,,58,0
329,4,Managed Network,SMB,Qualify,7500,25/12/2023,,372,0
330,4,Cloud Connect,SMB,Proposal,12000,10/08/2024,,143,0
331,5,Managed Network,Government,Closed Won,295500,28/09/2024,29/12/2024,92,0
332,5,Cloud Connect,Government,Prospecting,100000,30/01/2023,,701,0
333,5,Broadband,Government,Qualify,55500,14/12/2023,,383,0
334,5,Mobile,Government,Prospecting,19500,2/08/2024,,151,0
335,5,Managed Network,Government,Prospecting,234000,10/10/2024,,82,0
336,5,Fibre,Government,Prospecting,328000,9/08/2023,,510,0
337,5,Managed Network,Government,Proposal,129500,11/06/2023,,569,0
338,5,Mobile,Government,Qualify,31500,4/08/2024,,149,0
339,5,Cloud Connect,Government,Prospecting,44000,9/06/2023,,571,0
340,5,Broadband,Government,Closed Won,21500,21/11/2024,15/12/2024,24,0
341,5,Mobile,Government,Proposal,38000,12/05/2024,,233,0
342,5,Cloud Connect,Government,Proposal,101500,9/08/2023,,510,0
343,5,Cloud Connect,Government,Prospecting,142500,24/04/2023,,617,0
344,5,Mobile,Government,Negotiate,49000,13/05/2024,,232,0
345,5,Cloud Connect,Government,Negotiate,42000,14/08/2023,,505,0
346,5,Managed Network,Government,Lost,54500,8/01/2023,17/02/2023,40,54500
347,5,Mobile,Government,Lost,19000,19/09/2023,9/11/2023,51,19000
348,5,Mobile,Government,Prospecting,42500,16/03/2024,,290,0
349,5,Broadband,Government,Prospecting,85000,24/08/2023,,495,0
350,5,Cloud Connect,Government,Negotiate,123000,15/03/2023,,657,0
351,5,Managed Network,Government,Closed Won,51000,22/03/2024,7/04/2024,16,0
352,5,Managed Network,Government,Lost,266000,17/11/2023,12/02/2024,87,266000
353,5,Managed Network,Government,Negotiate,226000,17/10/2024,,75,0
354,5,Managed Network,Government,Qualify,146000,22/01/2023,,709,0
355,5,Mobile,Government,Qualify,50500,16/04/2024,,259,0
356,5,Mobile,Government,Prospecting,17000,7/09/2023,,481,0
357,5,Managed Network,Government,Negotiate,177500,22/03/2023,,650,0
358,5,Managed Network,Government,Closed Won,235500,14/12/2023,25/01/2024,42,0
359,5,Mobile,Government,Closed Won,15000,6/06/2024,9/09/2024,95,0
360,5,Fibre,Government,Proposal,151500,24/12/2023,,373,0
361,5,Mobile,Government,Closed Won,52500,1/06/2023,15/07/2023,44,0
362,5,Fibre,Government,Prospecting,153500,27/06/2023,,553,0
363,5,Cloud Connect,Government,Qualify,50000,1/07/2023,,549,0
364,5,Managed Network,Government,Proposal,188000,16/08/2024,,137,0
365,5,Managed Network,Government,Negotiate,271000,1/08/2024,,152,0
366,5,Cloud Connect,Government,Qualify,194500,20/11/2023,,407,0
367,5,Broadband,Government,Proposal,76500,28/03/2024,,278,0
368,5,Mobile,Government,Closed Won,49000,27/02/2023,27/04/2023,59,0
369,5,Cloud Connect,Government,Prospecting,151000,7/04/2024,,268,0
370,5,Fibre,Government,Prospecting,200500,20/03/2023,,652,0
371,5,Fibre,Government,Negotiate,316000,29/01/2024,,337,0
372,5,Managed Network,Government,Negotiate,290000,12/02/2023,,688,0
373,5,Managed Network,Government,Lost,190000,29/10/2024,6/12/2024,38,190000
374,5,Mobile,Government,Negotiate,43000,4/06/2023,,576,0
375,5,Fibre,Government,Proposal,230000,28/03/2023,,644,0
376,5,Cloud Connect,Government,Negotiate,40500,11/09/2023,,477,0
377,5,Managed Network,Government,Lost,177500,19/06/2024,19/09/2024,92,177500
378,5,Broadband,Government,Proposal,52000,1/02/2024,,334,0
379,5,Managed Network,Government,Closed Won,218000,4/09/2024,24/09/2024,20,0
380,5,Mobile,Government,Prospecting,16000,25/07/2024,,159,0
381,5,Managed Network,Government,Qualify,229500,3/11/2024,,58,0
382,5,Cloud Connect,Government,Closed Won,117500,25/03/2023,21/06/2023,88,0
383,5,Broadband,Government,Lost,55500,2/11/2024,31/12/2024,59,55500
384,5,Managed Network,Government,Prospecting,226000,28/03/2023,,644,0
385,5,Mobile,Government,Negotiate,52000,3/12/2023,,394,0
386,5,Broadband,Government,Negotiate,84000,6/04/2023,,635,0
387,5,Managed Network,Government,Proposal,45000,7/01/2024,,359,0
388,5,Mobile,Government,Qualify,24000,16/12/2023,,381,0
389,5,Managed Network,Government,Qualify,76000,8/06/2023,,572,0
390,5,Fibre,Government,Qualify,103000,3/06/2024,,211,0
391,5,Cloud Connect,Government,Closed Won,168000,8/02/2023,17/05/2023,98,0
392,5,Mobile,Government,Closed Won,50500,15/05/2023,13/08/2023,90,0
393,5,Managed Network,Government,Qualify,87500,1/10/2024,,91,0
394,5,Broadband,Government,Closed Won,20500,25/02/2024,25/04/2024,60,0
395,5,Broadband,Government,Lost,52500,4/04/2024,17/05/2024,43,52500
396,5,Cloud Connect,Government,Qualify,153000,18/07/2023,,532,0
397,5,Mobile,Government,Negotiate,47500,27/03/2024,,279,0
398,5,Managed Network,Government,Closed Won,244000,27/01/2024,14/04/2024,78,0
399,5,Cloud Connect,Government,Proposal,72500,24/07/2023,,526,0
400,6,Broadband,Enterprise,Closed Won,27000,18/10/2024,31/12/2024,74,0
401,6,Mobile,Enterprise,Negotiate,21500,12/06/2024,,202,0
402,6,Fibre,Enterprise,Qualify,480000,14/06/2023,,566,0
403,6,Mobile,Enterprise,Proposal,48500,31/05/2023,,580,0
404,6,Managed Network,Enterprise,Prospecting,176500,6/04/2024,,269,0
405,6,Mobile,Enterprise,Lost,42000,24/02/2023,29/04/2023,64,42000
406,6,Cloud Connect,Enterprise,Proposal,141000,25/03/2023,,647,0
407,6,Mobile,Enterprise,Qualify,36000,12/04/2023,,629,0
408,6,Mobile,Enterprise,Closed Won,24000,9/02/2023,31/03/2023,50,0
409,6,Managed Network,Enterprise,Negotiate,133000,25/04/2024,,250,0
410,6,Managed Network,Enterprise,Negotiate,101500,20/01/2023,,711,0
411,6,Mobile,Enterprise,Qualify,25000,15/07/2024,,169,0
412,6,Cloud Connect,Enterprise,Proposal,69000,23/10/2023,,435,0
413,6,Broadband,Enterprise,Qualify,26500,2/09/2023,,486,0
414,6,Managed Network,Enterprise,Negotiate,299500,6/03/2023,,666,0
415,6,Fibre,Enterprise,Closed Won,342000,3/09/2024,24/11/2024,82,0
416,6,Fibre,Enterprise,Negotiate,381500,5/09/2023,,483,0
417,6,Broadband,Enterprise,Qualify,20000,21/09/2024,,101,0
418,6,Mobile,Enterprise,Qualify,42500,11/07/2023,,539,0
419,6,Fibre,Enterprise,Proposal,269000,11/03/2023,,661,0
420,6,Cloud Connect,Enterprise,Proposal,246000,3/06/2024,,211,0
421,6,Cloud Connect,Enterprise,Prospecting,163000,14/02/2023,,686,0
422,6,Managed Network,Enterprise,Lost,193000,17/01/2023,17/03/2023,59,193000
423,6,Fibre,Enterprise,Qualify,464500,3/11/2024,,58,0
424,6,Fibre,Enterprise,Closed Won,465500,7/12/2023,7/01/2024,31,0
425,6,Fibre,Enterprise,Proposal,257500,20/10/2024,,72,0
426,6,Broadband,Enterprise,Closed Won,109500,20/04/2024,1/08/2024,103,0
427,6,Managed Network,Enterprise,Negotiate,130500,6/03/2023,,666,0
428,6,Managed Network,Enterprise,Prospecting,165500,14/02/2023,,686,0
429,6,Broadband,Enterprise,Closed Won,61500,14/11/2023,1/02/2024,79,0
430,6,Managed Network,Enterprise,Lost,344500,29/04/2024,14/06/2024,46,344500
431,6,Fibre,Enterprise,Closed Won,180000,20/10/2023,18/12/2023,59,0
432,6,Fibre,Enterprise,Closed Won,254000,7/10/2023,5/11/2023,29,0
433,6,Mobile,Enterprise,Proposal,41000,26/03/2024,,280,0
434,6,Managed Network,Enterprise,Qualify,158000,23/05/2024,,222,0
435,6,Managed Network,Enterprise,Proposal,332000,1/10/2023,,457,0
436,6,Fibre,Enterprise,Closed Won,121500,16/03/2024,15/06/2024,91,0
437,6,Broadband,Enterprise,Proposal,62000,16/04/2023,,625,0
438,6,Fibre,Enterprise,Qualify,235000,10/11/2023,,417,0
439,6,Managed Network,Enterprise,Negotiate,283500,20/06/2023,,560,0
440,6,Managed Network,Enterprise,Proposal,82000,28/12/2023,,369,0
441,6,Cloud Connect,Enterprise,Lost,112000,16/10/2024,31/12/2024,76,112000
442,6,Fibre,Enterprise,Prospecting,414000,20/02/2024,,315,0
443,6,Mobile,Enterprise,Proposal,64000,26/11/2024,,35,0
444,6,Broadband,Enterprise,Lost,38500,14/09/2024,23/12/2024,100,38500
445,6,Managed Network,Enterprise,Prospecting,95000,30/08/2023,,489,0
446,6,Mobile,Enterprise,Proposal,77000,3/08/2024,,150,0
447,6,Fibre,Enterprise,Negotiate,436000,5/04/2024,,270,0
448,6,Mobile,Enterprise,Proposal,65000,20/03/2023,,652,0
449,6,Cloud Connect,Enterprise,Prospecting,136000,12/02/2024,,323,0
450,6,Mobile,Enterprise,Negotiate,31500,27/04/2023,,614,0
451,6,Fibre,Enterprise,Closed Won,341500,14/06/2024,16/08/2024,63,0
452,6,Cloud Connect,Enterprise,Prospecting,243000,24/09/2023,,464,0
453,6,Managed Network,Enterprise,Qualify,209500,17/05/2024,,228,0
454,6,Broadband,Enterprise,Prospecting,29500,7/04/2024,,268,0
455,6,Broadband,Enterprise,Closed Won,78500,31/03/2023,26/07/2023,117,0
456,6,Mobile,Enterprise,Negotiate,61500,8/03/2023,,664,0
457,6,Cloud Connect,Enterprise,Proposal,118500,11/06/2023,,569,0
458,6,Broadband,Enterprise,Closed Won,86500,18/08/2023,16/09/2023,29,0
459,6,Broadband,Enterprise,Closed Won,51000,20/05/2024,6/06/2024,17,0
460,6,Mobile,Enterprise,Negotiate,39000,23/04/2024,,252,0
461,6,Cloud Connect,Enterprise,Prospecting,62500,9/03/2023,,663,0
462,6,Mobile,Enterprise,Proposal,62000,5/05/2024,,240,0
463,6,Cloud Connect,Enterprise,Proposal,147500,11/08/2024,,142,0
464,6,Fibre,Enterprise,Prospecting,246000,19/10/2024,,73,0
465,6,Fibre,Enterprise,Proposal,436500,13/06/2024,,201,0
466,6,Mobile,Enterprise,Prospecting,69500,18/07/2024,,166,0
467,6,Cloud Connect,Enterprise,Qualify,74000,19/03/2024,,287,0
468,6,Cloud Connect,Enterprise,Lost,54500,8/05/2023,27/07/2023,80,54500
469,6,Broadband,Enterprise,Qualify,41000,27/11/2023,,400,0
470,6,Broadband,Enterprise,Qualify,88000,18/10/2023,,440,0
471,6,Fibre,Enterprise,Qualify,413000,18/07/2024,,166,0
472,6,Mobile,Enterprise,Prospecting,35000,21/09/2024,,101,0
473,6,Cloud Connect,Enterprise,Prospecting,208000,22/06/2023,,558,0
474,6,Cloud Connect,Enterprise,Lost,80500,25/06/2023,1/10/2023,98,80500
475,6,Cloud Connect,Enterprise,Closed Won,198500,12/12/2023,7/03/2024,86,0
476,6,Fibre,Enterprise,Closed Won,95000,25/03/2023,13/04/2023,19,0
477,6,Cloud Connect,Enterprise,Qualify,95500,8/08/2024,,145,0
478,6,Managed Network,Enterprise,Negotiate,76000,24/05/2024,,221,0
479,6,Cloud Connect,Enterprise,Qualify,119000,9/05/2024,,236,0
480,6,Broadband,Enterprise,Closed Won,110000,20/02/2024,12/04/2024,52,0
481,6,Managed Network,Enterprise,Prospecting,91500,11/06/2023,,569,0
482,6,Managed Network,Enterprise,Proposal,303500,28/07/2023,,522,0
483,6,Mobile,Enterprise,Negotiate,35500,23/11/2023,,404,0
484,6,Mobile,Enterprise,Lost,23500,15/01/2024,3/04/2024,79,23500
485,6,Cloud Connect,Enterprise,Prospecting,103500,22/04/2024,,253,0
486,6,Fibre,Enterprise,Qualify,210000,25/05/2023,,586,0
487,6,Fibre,Enterprise,Prospecting,281500,22/09/2024,,100,0
488,6,Managed Network,Enterprise,Qualify,143500,2/12/2023,,395,0
489,6,Cloud Connect,Enterprise,Closed Won,90000,13/06/2023,29/08/2023,77,0
490,6,Cloud Connect,Enterprise,Proposal,121000,24/05/2024,,221,0
491,6,Fibre,Enterprise,Prospecting,286000,1/06/2024,,213,0
492,6,Managed Network,Enterprise,Lost,173000,20/08/2024,18/10/2024,59,173000
493,7,Fibre,Government,Qualify,363500,31/10/2024,,61,0
494,7,Managed Network,Government,Qualify,42000,21/04/2023,,620,0
495,7,Managed Network,Government,Prospecting,109500,10/01/2024,,356,0
496,7,Managed Network,Government,Proposal,145000,22/02/2023,,678,0
497,7,Cloud Connect,Government,Negotiate,125000,20/07/2024,,164,0
498,7,Mobile,Government,Prospecting,43000,6/04/2024,,269,0
499,7,Cloud Connect,Government,Qualify,193500,27/11/2024,,34,0
500,7,Cloud Connect,Government,Prospecting,55500,8/02/2024,,327,0
501,7,Mobile,Government,Closed Won,32000,25/07/2024,23/09/2024,60,0
502,7,Broadband,Government,Qualify,81500,16/02/2024,,319,0
503,7,Cloud Connect,Government,Prospecting,40000,21/05/2023,,590,0
504,7,Mobile,Government,Closed Won,44000,12/04/2024,15/05/2024,33,0
505,7,Cloud Connect,Government,Closed Won,66500,2/12/2023,3/03/2024,92,0
506,7,Mobile,Government,Qualify,50500,3/11/2023,,424,0
507,7,Cloud Connect,Government,Qualify,163500,29/06/2024,,185,0
508,7,Managed Network,Government,Closed Won,118500,1/05/2024,27/08/2024,118,0
509,7,Fibre,Government,Proposal,107500,2/03/2024,,304,0
510,7,Cloud Connect,Government,Qualify,195000,28/01/2023,,703,0
511,7,Cloud Connect,Government,Proposal,181500,14/08/2024,,139,0
512,7,Broadband,Government,Closed Won,78000,24/06/2023,13/09/2023,81,0
513,7,Cloud Connect,Government,Closed Won,129500,1/06/2023,28/09/2023,119,0
514,7,Broadband,Government,Prospecting,29500,15/07/2023,,535,0
515,7,Fibre,Government,Proposal,269500,5/06/2023,,575,0
516,7,Managed Network,Government,Negotiate,147500,28/05/2024,,217,0
517,7,Cloud Connect,Government,Lost,46500,22/05/2023,10/08/2023,80,46500
518,7,Broadband,Government,Negotiate,77500,22/06/2024,,192,0
519,7,Managed Network,Government,Qualify,85500,15/04/2024,,260,0
520,7,Cloud Connect,Government,Qualify,123000,23/11/2024,,38,0
521,7,Mobile,Government,Negotiate,22500,10/09/2023,,478,0
522,7,Mobile,Government,Negotiate,24500,1/11/2023,,426,0
523,7,Mobile,Government,Closed Won,55000,15/05/2024,8/07/2024,54,0
524,7,Managed Network,Government,Qualify,285000,8/10/2023,,450,0
525,7,Mobile,Government,Prospecting,54500,10/07/2024,,174,0
526,7,Managed Network,Government,Closed Won,143500,20/12/2023,10/04/2024,112,0
527,7,Broadband,Government,Qualify,52500,22/03/2023,,650,0
528,7,Mobile,Government,Lost,53000,20/09/2023,7/01/2024,109,53000
529,7,Managed Network,Government,Qualify,257000,5/07/2024,,179,0
530,7,Mobile,Government,Lost,55500,6/10/2023,6/11/2023,31,55500
531,7,Fibre,Government,Negotiate,357500,3/09/2023,,485,0
532,7,Broadband,Government,Prospecting,84500,20/08/2023,,499,0
533,7,Broadband,Government,Prospecting,69000,5/12/2023,,392,0
534,7,Managed Network,Government,Prospecting,242000,21/05/2023,,590,0
535,7,Fibre,Government,Lost,133000,21/02/2024,28/05/2024,97,133000
536,7,Managed Network,Government,Proposal,92500,22/10/2023,,436,0
537,7,Mobile,Government,Qualify,14000,2/04/2023,,639,0
538,7,Cloud Connect,Government,Qualify,40000,29/06/2023,,551,0
539,7,Managed Network,Government,Closed Won,86000,7/02/2023,12/04/2023,64,0
540,7,Managed Network,Government,Qualify,236500,24/10/2023,,434,0
541,7,Fibre,Government,Prospecting,348000,9/09/2024,,113,0
542,7,Fibre,Government,Lost,225500,19/10/2023,30/12/2023,72,225500
543,7,Cloud Connect,Government,Proposal,65000,31/05/2024,,214,0
544,7,Managed Network,Government,Qualify,252000,26/04/2023,,615,0
545,7,Mobile,Government,Qualify,40000,25/10/2024,,67,0
546,7,Mobile,Government,Closed Won,11000,12/12/2023,5/04/2024,115,0
547,7,Mobile,Government,Negotiate,59500,17/07/2023,,533,0
548,7,Broadband,Government,Negotiate,68000,13/03/2024,,293,0
549,7,Cloud Connect,Government,Qualify,135000,16/11/2024,,45,0
550,7,Fibre,Government,Qualify,123500,3/05/2024,,242,0
551,8,Broadband,SMB,Prospecting,15500,30/08/2023,,489,0
552,8,Managed Network,SMB,Closed Won,15000,6/11/2023,2/02/2024,88,0
553,8,Cloud Connect,SMB,Prospecting,15000,30/08/2023,,489,0
554,8,Fibre,SMB,Negotiate,35500,11/11/2023,,416,0
555,8,Broadband,SMB,Proposal,19500,15/11/2023,,412,0
556,8,Fibre,SMB,Negotiate,24500,12/01/2024,,354,0
557,8,Cloud Connect,SMB,Qualify,7500,4/05/2024,,241,0
558,8,Broadband,SMB,Proposal,23000,18/01/2024,,348,0
559,8,Managed Network,SMB,Closed Won,19500,4/07/2024,28/10/2024,116,0
560,8,Broadband,SMB,Closed Won,22500,25/03/2023,14/06/2023,81,0
561,8,Managed Network,SMB,Proposal,16000,21/03/2023,,651,0
562,8,Cloud Connect,SMB,Prospecting,19500,27/07/2023,,523,0
563,8,Cloud Connect,SMB,Proposal,8500,2/12/2023,,395,0
564,8,Cloud Connect,SMB,Proposal,9500,20/08/2024,,133,0
565,8,Managed Network,SMB,Prospecting,20500,1/04/2024,,274,0
566,8,Fibre,SMB,Proposal,38500,1/03/2024,,305,0
567,8,Managed Network,SMB,Negotiate,22500,18/04/2024,,257,0
568,8,Mobile,SMB,Closed Won,8500,18/09/2023,14/01/2024,118,0
569,8,Fibre,SMB,Closed Won,10000,16/02/2023,25/04/2023,68,0
570,8,Mobile,SMB,Closed Won,11000,3/03/2023,25/03/2023,22,0
571,8,Managed Network,SMB,Prospecting,17500,4/07/2023,,546,0
572,8,Broadband,SMB,Closed Won,24000,6/03/2024,6/05/2024,61,0
573,8,Managed Network,SMB,Proposal,16500,20/01/2024,,346,0
574,8,Fibre,SMB,Negotiate,13500,31/10/2024,,61,0
575,8,Mobile,SMB,Prospecting,11000,7/02/2024,,328,0
576,8,Cloud Connect,SMB,Prospecting,10500,4/01/2023,,727,0
577,8,Fibre,SMB,Lost,35500,20/11/2024,31/12/2024,41,35500
578,8,Cloud Connect,SMB,Proposal,15500,24/08/2023,,495,0
579,8,Broadband,SMB,Proposal,8000,10/10/2023,,448,0
580,8,Broadband,SMB,Lost,6500,2/02/2023,30/05/2023,117,6500
581,8,Managed Network,SMB,Negotiate,4500,4/09/2023,,484,0
582,8,Broadband,SMB,Prospecting,22500,4/02/2023,,696,0
583,8,Managed Network,SMB,Negotiate,27000,19/02/2023,,681,0
584,8,Broadband,SMB,Closed Won,16000,25/03/2024,7/05/2024,43,0
585,8,Cloud Connect,SMB,Qualify,5000,24/05/2023,,587,0
586,8,Cloud Connect,SMB,Lost,10500,12/08/2024,5/10/2024,54,10500
587,8,Cloud Connect,SMB,Negotiate,13500,31/08/2023,,488,0
588,8,Mobile,SMB,Closed Won,13000,17/06/2024,29/07/2024,42,0
589,8,Managed Network,SMB,Qualify,6000,24/07/2024,,160,0
590,8,Cloud Connect,SMB,Closed Won,8500,3/10/2024,31/12/2024,89,0
591,8,Managed Network,SMB,Negotiate,5500,19/12/2023,,378,0
592,8,Managed Network,SMB,Closed Won,14500,2/03/2024,7/05/2024,66,0
593,8,Broadband,SMB,Qualify,9000,4/07/2024,,180,0
594,8,Managed Network,SMB,Qualify,11500,4/11/2023,,423,0
595,8,Broadband,SMB,Closed Won,5000,29/07/2024,3/10/2024,66,0
596,8,Managed Network,SMB,Negotiate,8500,2/02/2024,,333,0
597,8,Broadband,SMB,Qualify,14000,24/10/2024,,68,0
598,8,Fibre,SMB,Lost,29500,5/04/2023,26/06/2023,82,29500
599,8,Broadband,SMB,Prospecting,15500,20/11/2024,,41,0
600,8,Cloud Connect,SMB,Negotiate,5500,12/07/2023,,538,0
601,8,Cloud Connect,SMB,Closed Won,10000,5/05/2024,14/06/2024,40,0
602,8,Mobile,SMB,Qualify,17000,16/01/2023,,715,0
603,8,Broadband,SMB,Lost,7000,5/05/2024,19/06/2024,45,7000
604,8,Cloud Connect,SMB,Closed Won,16000,3/09/2023,26/11/2023,84,0
605,8,Mobile,SMB,Closed Won,8000,22/04/2024,13/07/2024,82,0
606,8,Mobile,SMB,Qualify,8000,9/06/2024,,205,0
607,8,Managed Network,SMB,Proposal,27500,25/04/2024,,250,0
608,8,Mobile,SMB,Lost,8000,17/11/2023,22/01/2024,66,8000
609,8,Fibre,SMB,Negotiate,19500,30/05/2023,,581,0
610,8,Fibre,SMB,Qualify,32500,30/10/2023,,428,0
611,8,Broadband,SMB,Qualify,10500,24/01/2024,,342,0
612,8,Cloud Connect,SMB,Closed Won,19500,17/07/2024,22/10/2024,97,0
613,8,Mobile,SMB,Qualify,15500,15/05/2024,,230,0
614,8,Managed Network,SMB,Proposal,28000,27/12/2023,,370,0
615,8,Broadband,SMB,Prospecting,21000,15/05/2024,,230,0
616,8,Broadband,SMB,Lost,21000,19/10/2024,9/11/2024,21,21000
617,8,Cloud Connect,SMB,Prospecting,5500,15/11/2024,,46,0
618,8,Fibre,SMB,Closed Won,32000,21/05/2023,23/08/2023,94,0
619,8,Broadband,SMB,Prospecting,8000,10/01/2023,,721,0
620,8,Broadband,SMB,Proposal,15000,3/03/2023,,669,0
621,8,Cloud Connect,SMB,Negotiate,19000,6/11/2024,,55,0
622,8,Managed Network,SMB,Prospecting,21500,18/07/2024,,166,0
623,8,Managed Network,SMB,Prospecting,21500,9/10/2023,,449,0
624,8,Cloud Connect,SMB,Lost,3500,29/05/2024,24/09/2024,118,3500
625,8,Managed Network,SMB,Closed Won,10000,20/04/2023,16/05/2023,26,0
626,9,Broadband,Enterprise,Qualify,101000,23/06/2024,,191,0
627,9,Mobile,Enterprise,Closed Won,32500,11/02/2024,6/03/2024,24,0
628,9,Mobile,Enterprise,Lost,45000,1/08/2024,15/09/2024,45,45000
629,9,Broadband,Enterprise,Qualify,30500,31/10/2024,,61,0
630,9,Fibre,Enterprise,Prospecting,279000,22/01/2024,,344,0
631,9,Cloud Connect,Enterprise,Proposal,207000,10/01/2023,,721,0
632,9,Broadband,Enterprise,Prospecting,77000,22/10/2024,,70,0
633,9,Mobile,Enterprise,Negotiate,71000,8/04/2023,,633,0
634,9,Cloud Connect,Enterprise,Lost,100000,5/08/2023,15/11/2023,102,100000
635,9,Cloud Connect,Enterprise,Proposal,52000,18/03/2023,,654,0
636,9,Mobile,Enterprise,Closed Won,52000,4/11/2024,22/11/2024,18,0
637,9,Broadband,Enterprise,Lost,61000,17/01/2023,26/02/2023,40,61000
638,9,Cloud Connect,Enterprise,Prospecting,227000,12/02/2024,,323,0
639,9,Fibre,Enterprise,Qualify,375500,4/09/2023,,484,0
640,9,Cloud Connect,Enterprise,Closed Won,142000,24/11/2024,31/12/2024,37,0
641,9,Mobile,Enterprise,Proposal,63500,24/05/2023,,587,0
642,9,Fibre,Enterprise,Proposal,261500,24/02/2023,,676,0
643,9,Fibre,Enterprise,Proposal,120000,15/12/2023,,382,0
644,9,Cloud Connect,Enterprise,Closed Won,196000,11/02/2024,3/06/2024,113,0
645,9,Mobile,Enterprise,Prospecting,33000,6/04/2024,,269,0
646,9,Managed Network,Enterprise,Qualify,350000,20/01/2024,,346,0
647,9,Managed Network,Enterprise,Qualify,259500,29/03/2023,,643,0
648,9,Cloud Connect,Enterprise,Qualify,104500,17/03/2023,,655,0
649,9,Fibre,Enterprise,Qualify,279000,11/10/2024,,81,0
650,9,Broadband,Enterprise,Closed Won,61500,5/01/2024,1/02/2024,27,0
651,9,Fibre,Enterprise,Prospecting,241500,31/03/2024,,275,0
652,9,Mobile,Enterprise,Closed Won,21500,16/05/2023,10/06/2023,25,0
653,9,Broadband,Enterprise,Proposal,93000,22/07/2024,,162,0
654,9,Cloud Connect,Enterprise,Proposal,47000,2/04/2023,,639,0
655,9,Mobile,Enterprise,Negotiate,54000,4/09/2024,,118,0
656,9,Mobile,Enterprise,Closed Won,16000,26/10/2023,31/12/2023,66,0
657,9,Managed Network,Enterprise,Closed Won,187500,8/08/2024,27/10/2024,80,0
658,9,Broadband,Enterprise,Negotiate,42000,23/05/2023,,588,0
659,9,Mobile,Enterprise,Qualify,47500,30/05/2023,,581,0
660,9,Fibre,Enterprise,Qualify,224500,7/03/2024,,299,0
661,9,Mobile,Enterprise,Proposal,20000,5/01/2024,,361,0
662,9,Mobile,Enterprise,Lost,62000,2/10/2024,18/12/2024,77,62000
663,9,Cloud Connect,Enterprise,Negotiate,160000,20/04/2023,,621,0
664,9,Broadband,Enterprise,Qualify,72000,7/12/2023,,390,0
665,9,Cloud Connect,Enterprise,Proposal,126500,26/03/2024,,280,0
666,9,Mobile,Enterprise,Proposal,69000,28/10/2024,,64,0
667,9,Cloud Connect,Enterprise,Prospecting,124000,9/09/2024,,113,0
668,9,Broadband,Enterprise,Proposal,43500,12/02/2024,,323,0
669,9,Mobile,Enterprise,Qualify,60500,10/10/2024,,82,0
670,9,Managed Network,Enterprise,Lost,187000,30/11/2023,31/01/2024,62,187000
671,9,Mobile,Enterprise,Closed Won,41000,9/01/2024,6/02/2024,28,0
672,9,Cloud Connect,Enterprise,Qualify,183000,4/07/2023,,546,0
673,9,Cloud Connect,Enterprise,Prospecting,230500,17/04/2024,,258,0
674,9,Broadband,Enterprise,Proposal,58000,12/03/2023,,660,0
675,9,Managed Network,Enterprise,Negotiate,133000,10/10/2024,,82,0
676,9,Mobile,Enterprise,Qualify,58000,7/06/2023,,573,0
677,9,Managed Network,Enterprise,Closed Won,99000,4/04/2024,3/07/2024,90,0
678,9,Managed Network,Enterprise,Negotiate,340000,2/06/2024,,212,0
679,9,Managed Network,Enterprise,Proposal,248500,3/07/2024,,181,0
680,9,Cloud Connect,Enterprise,Negotiate,62500,22/04/2023,,619,0
681,9,Broadband,Enterprise,Negotiate,66500,20/06/2023,,560,0
682,9,Cloud Connect,Enterprise,Prospecting,209000,24/11/2024,,37,0
683,9,Managed Network,Enterprise,Lost,234000,16/03/2024,12/04/2024,27,234000
684,9,Fibre,Enterprise,Prospecting,196500,6/06/2024,,208,0
685,9,Cloud Connect,Enterprise,Negotiate,220500,12/08/2024,,141,0
686,9,Broadband,Enterprise,Proposal,71500,19/04/2024,,256,0
687,9,Cloud Connect,Enterprise,Negotiate,79500,20/12/2023,,377,0
688,9,Fibre,Enterprise,Proposal,235000,1/03/2024,,305,0
689,9,Fibre,Enterprise,Prospecting,463000,26/05/2023,,585,0
690,9,Mobile,Enterprise,Qualify,45000,31/07/2023,,519,0
691,9,Cloud Connect,Enterprise,Proposal,165000,10/04/2023,,631,0
692,9,Managed Network,Enterprise,Closed Won,297000,23/11/2023,15/12/2023,22,0
693,9,Mobile,Enterprise,Prospecting,61500,28/04/2023,,613,0
694,9,Fibre,Enterprise,Closed Won,419500,22/04/2023,31/07/2023,100,0
695,9,Broadband,Enterprise,Lost,117000,7/09/2023,26/11/2023,80,117000
696,9,Broadband,Enterprise,Negotiate,63500,27/07/2024,,157,0
697,9,Managed Network,Enterprise,Lost,181500,19/02/2024,23/05/2024,94,181500
698,9,Broadband,Enterprise,Qualify,106000,18/03/2024,,288,0
699,9,Managed Network,Enterprise,Prospecting,163500,5/04/2024,,270,0
700,9,Cloud Connect,Enterprise,Proposal,41000,8/08/2023,,511,0
701,9,Broadband,Enterprise,Qualify,112000,6/03/2023,,666,0
702,9,Cloud Connect,Enterprise,Prospecting,180500,11/07/2023,,539,0
703,9,Mobile,Enterprise,Qualify,45000,27/04/2023,,614,0
704,9,Mobile,Enterprise,Negotiate,47000,24/06/2024,,190,0
705,9,Mobile,Enterprise,Negotiate,55000,6/02/2024,,329,0
706,9,Cloud Connect,Enterprise,Prospecting,132500,13/04/2024,,262,0
707,9,Cloud Connect,Enterprise,Qualify,216500,1/11/2023,,426,0
708,9,Cloud Connect,Enterprise,Negotiate,216000,18/05/2023,,593,0
709,9,Mobile,Enterprise,Prospecting,35000,30/04/2023,,611,0
710,9,Broadband,Enterprise,Proposal,38500,7/06/2024,,207,0
711,9,Managed Network,Enterprise,Proposal,132500,11/08/2024,,142,0
712,9,Managed Network,Enterprise,Proposal,315000,12/10/2024,,80,0
713,9,Cloud Connect,Enterprise,Negotiate,209000,27/06/2023,,553,0
714,10,Broadband,SMB,Proposal,7500,11/07/2023,,539,0
715,10,Mobile,SMB,Closed Won,12000,24/02/2023,24/04/2023,59,0
716,10,Fibre,SMB,Proposal,18000,29/01/2024,,337,0
717,10,Cloud Connect,SMB,Proposal,19000,23/02/2024,,312,0
718,10,Managed Network,SMB,Proposal,18500,15/05/2024,,230,0
719,10,Broadband,SMB,Prospecting,4000,14/08/2023,,505,0
720,10,Mobile,SMB,Prospecting,5500,4/07/2024,,180,0
721,10,Mobile,SMB,Qualify,9500,2/08/2024,,151,0
722,10,Managed Network,SMB,Proposal,7500,9/08/2024,,144,0
723,10,Fibre,SMB,Qualify,29000,9/07/2024,,175,0
724,10,Fibre,SMB,Closed Won,34000,13/07/2024,23/08/2024,41,0
725,10,Managed Network,SMB,Prospecting,25500,11/09/2023,,477,0
726,10,Mobile,SMB,Closed Won,2500,5/04/2024,22/05/2024,47,0
727,10,Mobile,SMB,Closed Won,3500,25/03/2024,23/04/2024,29,0
728,10,Broadband,SMB,Qualify,22500,26/12/2023,,371,0
729,10,Cloud Connect,SMB,Negotiate,8500,22/09/2024,,100,0
730,10,Broadband,SMB,Closed Won,10000,2/03/2023,27/05/2023,86,0
731,10,Mobile,SMB,Proposal,12000,5/07/2024,,179,0
732,10,Broadband,SMB,Qualify,12500,24/10/2023,,434,0
733,10,Cloud Connect,SMB,Qualify,20000,26/11/2024,,35,0
734,10,Fibre,SMB,Prospecting,32000,2/03/2023,,670,0
735,10,Mobile,SMB,Closed Won,4000,16/05/2023,30/06/2023,45,0
736,10,Broadband,SMB,Closed Won,11000,23/11/2024,31/12/2024,38,0
737,10,Managed Network,SMB,Prospecting,24500,3/10/2023,,455,0
738,10,Managed Network,SMB,Proposal,6500,10/10/2024,,82,0
739,10,Fibre,SMB,Proposal,23000,13/01/2024,,353,0
740,10,Managed Network,SMB,Lost,14500,18/08/2024,1/09/2024,14,14500
741,10,Fibre,SMB,Closed Won,35000,12/10/2024,31/12/2024,80,0
742,10,Mobile,SMB,Closed Won,15000,1/07/2024,3/09/2024,64,0
743,10,Broadband,SMB,Lost,10000,21/05/2024,8/07/2024,48,10000
744,10,Mobile,SMB,Closed Won,7500,14/07/2024,9/10/2024,87,0
745,10,Broadband,SMB,Negotiate,19000,18/12/2023,,379,0
746,10,Fibre,SMB,Prospecting,35000,17/01/2023,,714,0
747,10,Fibre,SMB,Lost,15500,27/03/2024,7/06/2024,72,15500
748,10,Fibre,SMB,Lost,33000,27/07/2023,6/11/2023,102,33000
749,10,Broadband,SMB,Closed Won,13000,12/06/2023,31/07/2023,49,0
750,10,Fibre,SMB,Negotiate,21500,26/03/2023,,646,0
751,10,Mobile,SMB,Negotiate,12500,19/06/2023,,561,0
752,10,Fibre,SMB,Proposal,25000,28/08/2023,,491,0
753,10,Managed Network,SMB,Negotiate,27000,8/04/2023,,633,0
754,10,Fibre,SMB,Qualify,10000,16/05/2023,,595,0
755,10,Cloud Connect,SMB,Qualify,17500,10/01/2023,,721,0
756,10,Fibre,SMB,Negotiate,13000,8/03/2024,,298,0
757,10,Broadband,SMB,Proposal,10500,28/01/2024,,338,0
758,10,Fibre,SMB,Closed Won,11500,16/04/2023,9/06/2023,54,0
759,10,Mobile,SMB,Closed Won,4000,27/01/2024,19/05/2024,113,0
760,10,Broadband,SMB,Negotiate,7500,12/03/2023,,660,0
761,10,Cloud Connect,SMB,Negotiate,8500,26/03/2024,,280,0
762,10,Mobile,SMB,Closed Won,12500,5/06/2023,10/08/2023,66,0
763,10,Cloud Connect,SMB,Negotiate,10000,30/03/2023,,642,0
764,10,Fibre,SMB,Prospecting,13000,26/08/2024,,127,0
765,10,Managed Network,SMB,Proposal,18000,19/11/2023,,408,0
766,10,Broadband,SMB,Qualify,24000,28/03/2023,,644,0
767,10,Broadband,SMB,Negotiate,22500,14/09/2024,,108,0
768,10,Mobile,SMB,Closed Won,13500,28/01/2023,6/05/2023,98,0
769,10,Mobile,SMB,Qualify,12000,5/06/2024,,209,0
770,10,Broadband,SMB,Closed Won,12500,23/10/2024,12/11/2024,20,0
771,10,Broadband,SMB,Proposal,6500,4/09/2023,,484,0
772,10,Managed Network,SMB,Negotiate,6500,24/06/2024,,190,0
773,10,Fibre,SMB,Lost,25500,16/05/2023,18/07/2023,63,25500
774,10,Cloud Connect,SMB,Proposal,8500,27/04/2024,,248,0
775,10,Fibre,SMB,Prospecting,9500,15/01/2023,,716,0
776,10,Mobile,SMB,Qualify,17000,3/03/2023,,669,0
777,10,Managed Network,SMB,Proposal,24500,28/05/2024,,217,0
778,10,Managed Network,SMB,Proposal,17000,26/03/2023,,646,0
779,10,Cloud Connect,SMB,Proposal,8000,12/10/2023,,446,0
780,10,Fibre,SMB,Qualify,38500,28/07/2023,,522,0
781,10,Broadband,SMB,Proposal,16000,23/08/2024,,130,0
782,10,Fibre,SMB,Qualify,33500,2/09/2023,,486,0
783,10,Fibre,SMB,Qualify,33500,29/04/2023,,612,0
784,10,Managed Network,SMB,Negotiate,6000,13/11/2023,,414,0
785,10,Broadband,SMB,Prospecting,7500,12/01/2023,,719,0
786,10,Broadband,SMB,Proposal,14500,19/06/2024,,195,0
787,10,Cloud Connect,SMB,Closed Won,11500,20/06/2023,20/08/2023,61,0
788,10,Broadband,SMB,Closed Won,12000,1/05/2023,21/08/2023,112,0
789,10,Fibre,SMB,Qualify,33000,6/10/2023,,452,0
790,10,Cloud Connect,SMB,Prospecting,5500,23/05/2024,,222,0
791,10,Managed Network,SMB,Proposal,6000,26/05/2024,,219,0
792,10,Cloud Connect,SMB,Qualify,8000,19/09/2023,,469,0
793,10,Fibre,SMB,Closed Won,12500,22/08/2023,8/12/2023,108,0
794,10,Cloud Connect,SMB,Prospecting,3500,8/09/2023,,480,0
795,10,Fibre,SMB,Proposal,30000,3/06/2023,,577,0
796,10,Broadband,SMB,Lost,4000,20/07/2024,13/11/2024,116,4000
797,10,Managed Network,SMB,Qualify,12000,2/03/2024,,304,0
798,10,Mobile,SMB,Qualify,3500,8/08/2024,,145,0
799,10,Mobile,SMB,Prospecting,13000,23/02/2023,,677,0
800,10,Broadband,SMB,Qualify,20000,17/02/2023,,683,0
801,10,Managed Network,SMB,Prospecting,19000,17/10/2023,,441,0
802,10,Mobile,SMB,Qualify,11000,12/04/2024,,263,0
803,10,Fibre,SMB,Proposal,24000,31/07/2024,,153,0
804,11,Cloud Connect,Government,Qualify,126500,28/08/2024,,125,0
805,11,Managed Network,Government,Lost,243500,20/07/2023,4/11/2023,107,243500
806,11,Cloud Connect,Government,Closed Won,94500,4/06/2023,18/06/2023,14,0
807,11,Managed Network,Government,Prospecting,182000,21/12/2023,,376,0
808,11,Fibre,Government,Lost,51000,4/11/2024,31/12/2024,57,51000
809,11,Mobile,Government,Prospecting,44500,1/09/2023,,487,0
810,11,Managed Network,Government,Proposal,55500,26/05/2023,,585,0
811,11,Mobile,Government,Prospecting,25000,16/06/2024,,198,0
812,11,Managed Network,Government,Closed Won,137500,14/04/2024,1/08/2024,109,0
813,11,Fibre,Government,Negotiate,315000,17/05/2023,,594,0
814,11,Managed Network,Government,Prospecting,189000,5/03/2023,,667,0
815,11,Managed Network,Government,Negotiate,74500,31/08/2023,,488,0
816,11,Mobile,Government,Qualify,30500,7/02/2024,,328,0
817,11,Mobile,Government,Qualify,28000,28/08/2023,,491,0
818,11,Fibre,Government,Lost,121500,21/08/2024,17/09/2024,27,121500
819,11,Broadband,Government,Prospecting,74000,22/04/2024,,253,0
820,11,Mobile,Government,Proposal,45000,2/01/2024,,364,0
821,11,Broadband,Government,Proposal,75500,29/09/2023,,459,0
822,11,Fibre,Government,Prospecting,209500,9/09/2024,,113,0
823,11,Fibre,Government,Qualify,222000,1/06/2023,,579,0
824,11,Fibre,Government,Closed Won,236500,10/02/2024,29/04/2024,79,0
825,11,Fibre,Government,Negotiate,186500,28/06/2023,,552,0
826,11,Fibre,Government,Lost,287000,23/07/2024,9/11/2024,109,287000
827,11,Cloud Connect,Government,Qualify,151000,15/04/2023,,626,0
828,11,Broadband,Government,Prospecting,23000,16/08/2023,,503,0
829,11,Broadband,Government,Qualify,67500,17/01/2024,,349,0
830,11,Fibre,Government,Negotiate,185500,18/03/2023,,654,0
831,11,Fibre,Government,Lost,153500,23/10/2024,31/12/2024,69,153500
832,11,Broadband,Government,Prospecting,58500,6/05/2023,,605,0
833,11,Fibre,Government,Lost,76500,22/06/2023,17/09/2023,87,76500
834,11,Managed Network,Government,Closed Won,143500,23/05/2024,9/06/2024,17,0
835,11,Managed Network,Government,Negotiate,85500,29/12/2023,,368,0
836,11,Broadband,Government,Lost,51000,14/10/2023,24/12/2023,71,51000
837,11,Broadband,Government,Prospecting,47000,24/10/2024,,68,0
838,11,Mobile,Government,Proposal,46000,5/05/2024,,240,0
839,11,Fibre,Government,Prospecting,251000,21/05/2023,,590,0
840,11,Managed Network,Government,Qualify,272000,22/06/2024,,192,0
841,11,Broadband,Government,Negotiate,86500,20/01/2023,,711,0
842,11,Managed Network,Government,Closed Won,134000,6/05/2024,28/07/2024,83,0
843,11,Managed Network,Government,Qualify,188500,29/05/2024,,216,0
844,11,Mobile,Government,Proposal,22000,27/01/2023,,704,0
845,11,Mobile,Government,Negotiate,12000,15/10/2023,,443,0
846,11,Fibre,Government,Closed Won,297500,26/06/2024,24/08/2024,59,0
847,11,Cloud Connect,Government,Lost,72000,13/04/2023,28/05/2023,45,72000
848,11,Broadband,Government,Qualify,22500,13/08/2023,,506,0
849,11,Cloud Connect,Government,Closed Won,132000,30/12/2023,4/02/2024,36,0
850,11,Broadband,Government,Qualify,56500,3/01/2024,,363,0
851,11,Cloud Connect,Government,Prospecting,122000,4/08/2024,,149,0
852,11,Cloud Connect,Government,Prospecting,79500,19/05/2024,,226,0
853,11,Cloud Connect,Government,Qualify,158500,8/02/2023,,692,0
854,11,Fibre,Government,Prospecting,365500,13/08/2023,,506,0
855,11,Fibre,Government,Proposal,50500,6/12/2023,,391,0
856,11,Cloud Connect,Government,Qualify,64000,15/12/2023,,382,0
857,11,Broadband,Government,Lost,57500,2/03/2023,18/03/2023,16,57500
858,11,Broadband,Government,Negotiate,33500,24/04/2023,,617,0
859,11,Cloud Connect,Government,Closed Won,49000,18/01/2024,1/05/2024,104,0
860,11,Managed Network,Government,Negotiate,128000,6/11/2023,,421,0
861,11,Mobile,Government,Prospecting,20500,23/03/2024,,283,0
862,11,Managed Network,Government,Negotiate,85500,29/07/2024,,155,0
863,11,Cloud Connect,Government,Closed Won,88500,12/11/2024,31/12/2024,49,0
864,11,Broadband,Government,Proposal,53500,11/05/2023,,600,0
865,11,Broadband,Government,Closed Won,66500,4/08/2024,22/08/2024,18,0
866,11,Broadband,Government,Negotiate,44000,16/10/2024,,76,0
867,11,Cloud Connect,Government,Prospecting,160000,25/05/2023,,586,0
868,11,Mobile,Government,Closed Won,25500,22/12/2023,14/02/2024,54,0
869,11,Broadband,Government,Negotiate,26500,17/11/2024,,44,0
870,11,Mobile,Government,Proposal,27500,3/08/2023,,516,0
871,11,Broadband,Government,Negotiate,61000,20/09/2023,,468,0
872,11,Fibre,Government,Closed Won,75000,31/01/2024,10/04/2024,70,0
873,11,Managed Network,Government,Lost,272000,28/02/2024,15/05/2024,77,272000
874,11,Managed Network,Government,Proposal,138500,14/04/2023,,627,0
875,11,Managed Network,Government,Closed Won,191500,28/10/2024,31/12/2024,64,0
876,11,Broadband,Government,Qualify,24500,4/02/2023,,696,0
877,11,Mobile,Government,Prospecting,27000,18/04/2023,,623,0
878,12,Mobile,SMB,Qualify,8000,14/06/2023,,566,0
879,12,Fibre,SMB,Proposal,11000,13/12/2023,,384,0
880,12,Cloud Connect,SMB,Lost,19000,1/02/2023,11/04/2023,69,19000
881,12,Broadband,SMB,Negotiate,17000,10/06/2023,,570,0
882,12,Fibre,SMB,Prospecting,18500,14/07/2023,,536,0
883,12,Managed Network,SMB,Negotiate,27500,7/07/2024,,177,0
884,12,Mobile,SMB,Negotiate,7000,1/09/2023,,487,0
885,12,Fibre,SMB,Prospecting,37000,7/06/2023,,573,0
886,12,Fibre,SMB,Proposal,33000,31/03/2023,,641,0
887,12,Mobile,SMB,Closed Won,12000,6/09/2024,20/11/2024,75,0
888,12,Broadband,SMB,Prospecting,10000,24/06/2023,,556,0
889,12,Mobile,SMB,Lost,10000,29/04/2023,21/06/2023,53,10000
890,12,Managed Network,SMB,Proposal,25500,29/09/2023,,459,0
891,12,Fibre,SMB,Negotiate,30500,9/07/2023,,541,0
892,12,Mobile,SMB,Closed Won,8000,11/07/2023,20/09/2023,71,0
893,12,Fibre,SMB,Qualify,35500,27/09/2023,,461,0
894,12,Broadband,SMB,Closed Won,21500,5/03/2023,7/04/2023,33,0
895,12,Fibre,SMB,Prospecting,27500,8/07/2024,,176,0
896,12,Managed Network,SMB,Lost,23500,21/08/2023,13/11/2023,84,23500
897,12,Fibre,SMB,Closed Won,39000,4/03/2024,25/05/2024,82,0
898,12,Managed Network,SMB,Negotiate,11500,2/05/2024,,243,0
899,12,Mobile,SMB,Prospecting,17000,5/02/2023,,695,0
900,12,Cloud Connect,SMB,Negotiate,20000,8/08/2024,,145,0
901,12,Cloud Connect,SMB,Prospecting,17500,27/06/2023,,553,0
902,12,Broadband,SMB,Lost,9500,10/05/2023,29/05/2023,19,9500
903,12,Managed Network,SMB,Prospecting,26500,21/03/2024,,285,0
904,12,Broadband,SMB,Lost,23500,1/06/2023,29/09/2023,120,23500
905,12,Cloud Connect,SMB,Qualify,5000,31/03/2023,,641,0
906,12,Managed Network,SMB,Negotiate,22000,30/11/2023,,397,0
907,12,Mobile,SMB,Proposal,17000,13/01/2023,,718,0
908,12,Cloud Connect,SMB,Negotiate,16500,26/04/2023,,615,0
909,12,Managed Network,SMB,Prospecting,22500,25/08/2024,,128,0
910,12,Cloud Connect,SMB,Closed Won,6500,19/04/2023,14/07/2023,86,0
911,12,Fibre,SMB,Closed Won,27500,25/02/2024,12/04/2024,47,0
912,12,Managed Network,SMB,Negotiate,22500,15/09/2024,,107,0
913,12,Managed Network,SMB,Prospecting,13000,17/02/2024,,318,0
914,12,Broadband,SMB,Negotiate,16000,9/02/2023,,691,0
915,12,Managed Network,SMB,Closed Won,15000,1/09/2023,21/09/2023,20,0
916,12,Managed Network,SMB,Lost,16000,21/01/2023,19/03/2023,57,16000
917,12,Mobile,SMB,Qualify,16000,18/05/2024,,227,0
918,12,Fibre,SMB,Lost,20000,18/05/2023,9/07/2023,52,20000
919,12,Managed Network,SMB,Closed Won,14500,3/10/2023,18/01/2024,107,0
920,12,Managed Network,SMB,Negotiate,7000,12/07/2023,,538,0
921,12,Managed Network,SMB,Qualify,17500,11/05/2024,,234,0
922,12,Cloud Connect,SMB,Closed Won,5000,11/06/2024,4/10/2024,115,0
923,12,Broadband,SMB,Prospecting,19500,18/02/2024,,317,0
924,12,Broadband,SMB,Closed Won,20000,5/08/2024,22/08/2024,17,0
925,12,Broadband,SMB,Qualify,9500,1/03/2023,,671,0
926,12,Broadband,SMB,Prospecting,4500,5/01/2024,,361,0
927,12,Broadband,SMB,Qualify,18000,1/06/2024,,213,0
928,12,Managed Network,SMB,Negotiate,8000,28/11/2024,,33,0
929,12,Fibre,SMB,Qualify,37000,31/08/2024,,122,0
930,12,Managed Network,SMB,Qualify,19500,23/08/2024,,130,0
931,12,Cloud Connect,SMB,Qualify,8500,22/09/2023,,466,0
932,12,Fibre,SMB,Qualify,30500,20/02/2023,,680,0
933,12,Broadband,SMB,Closed Won,10000,15/08/2023,19/11/2023,96,0
934,12,Broadband,SMB,Negotiate,12000,29/10/2024,,63,0
935,12,Managed Network,SMB,Proposal,29500,29/11/2024,,32,0
936,12,Fibre,SMB,Proposal,13500,24/10/2024,,68,0
