date,year,rep_id,region,segment,product,revenue_actual,revenue_target,new_logos,new_business_value,calls_made,meetings_held,spif_bonus
1/01/2023,2023,1,NSW,Enterprise,Fibre,20500,23916.67,2,34900,65,11,300
1/01/2023,2023,1,NSW,Enterprise,Managed Network,14500,17083.33,0,0,0,0,0
1/01/2023,2023,1,NSW,Enterprise,Cloud Connect,10500,13666.67,0,0,0,0,0
1/01/2023,2023,1,NSW,Enterprise,Broadband,6000,8200,0,0,0,0,0
1/01/2023,2023,1,NSW,Enterprise,Mobile,4000,5466.67,0,0,0,0,0
1/02/2023,2023,1,NSW,Enterprise,Fibre,21000,23916.67,3,30300,52,14,400
1/02/2023,2023,1,NSW,Enterprise,Managed Network,14500,17083.33,0,0,0,0,0
1/02/2023,2023,1,NSW,Enterprise,Cloud Connect,10500,13666.67,0,0,0,0,0
1/02/2023,2023,1,NSW,Enterprise,Broadband,6000,8200,0,0,0,0,0
1/02/2023,2023,1,NSW,Enterprise,Mobile,4000,5466.67,0,0,0,0,0
1/03/2023,2023,1,NSW,Enterprise,Fibre,21500,23916.67,2,22700,61,12,200
1/03/2023,2023,1,NSW,Enterprise,Managed Network,18500,17083.33,0,0,0,0,0
1/03/2023,2023,1,NSW,Enterprise,Cloud Connect,15500,13666.67,0,0,0,0,0
1/03/2023,2023,1,NSW,Enterprise,Broadband,9000,8200,0,0,0,0,0
1/03/2023,2023,1,NSW,Enterprise,Mobile,6000,5466.67,0,0,0,0,0
1/04/2023,2023,1,NSW,Enterprise,Fibre,22500,23916.67,2,31900,66,3,400
1/04/2023,2023,1,NSW,Enterprise,Managed Network,15000,17083.33,0,0,0,0,0
1/04/2023,2023,1,NSW,Enterprise,Cloud Connect,14500,13666.67,0,0,0,0,0
1/04/2023,2023,1,NSW,Enterprise,Broadband,7500,8200,0,0,0,0,0
1/04/2023,2023,1,NSW,Enterprise,Mobile,5500,5466.67,0,0,0,0,0
1/05/2023,2023,1,NSW,Enterprise,Fibre,22500,23916.67,1,13700,66,10,500
1/05/2023,2023,1,NSW,Enterprise,Managed Network,17000,17083.33,0,0,0,0,0
1/05/2023,2023,1,NSW,Enterprise,Cloud Connect,14000,13666.67,0,0,0,0,0
1/05/2023,2023,1,NSW,Enterprise,Broadband,8000,8200,0,0,0,0,0
1/05/2023,2023,1,NSW,Enterprise,Mobile,5000,5466.67,0,0,0,0,0
1/06/2023,2023,1,NSW,Enterprise,Fibre,27500,23916.67,4,44100,28,11,500
1/06/2023,2023,1,NSW,Enterprise,Managed Network,19500,17083.33,0,0,0,0,0
1/06/2023,2023,1,NSW,Enterprise,Cloud Connect,13000,13666.67,0,0,0,0,0
1/06/2023,2023,1,NSW,Enterprise,Broadband,9000,8200,0,0,0,0,0
1/06/2023,2023,1,NSW,Enterprise,Mobile,5500,5466.67,0,0,0,0,0
1/07/2023,2023,1,NSW,Enterprise,Fibre,16500,23916.67,1,12600,46,13,300
1/07/2023,2023,1,NSW,Enterprise,Managed Network,12000,17083.33,0,0,0,0,0
1/07/2023,2023,1,NSW,Enterprise,Cloud Connect,11500,13666.67,0,0,0,0,0
1/07/2023,2023,1,NSW,Enterprise,Broadband,6000,8200,0,0,0,0,0
1/07/2023,2023,1,NSW,Enterprise,Mobile,4500,5466.67,0,0,0,0,0
1/08/2023,2023,1,NSW,Enterprise,Fibre,21000,23916.67,0,0,50,9,400
1/08/2023,2023,1,NSW,Enterprise,Managed Network,18000,17083.33,0,0,0,0,0
1/08/2023,2023,1,NSW,Enterprise,Cloud Connect,13500,13666.67,0,0,0,0,0
1/08/2023,2023,1,NSW,Enterprise,Broadband,8000,8200,0,0,0,0,0
1/08/2023,2023,1,NSW,Enterprise,Mobile,6000,5466.67,0,0,0,0,0
1/09/2023,2023,1,NSW,Enterprise,Fibre,17000,23916.67,2,37100,77,17,200
1/09/2023,2023,1,NSW,Enterprise,Managed Network,14000,17083.33,0,0,0,0,0
1/09/2023,2023,1,NSW,Enterprise,Cloud Connect,11500,13666.67,0,0,0,0,0
1/09/2023,2023,1,NSW,Enterprise,Broadband,6000,8200,0,0,0,0,0
1/09/2023,2023,1,NSW,Enterprise,Mobile,4500,5466.67,0,0,0,0,0
1/10/2023,2023,1,NSW,Enterprise,Fibre,20000,23916.67,0,0,20,17,200
1/10/2023,2023,1,NSW,Enterprise,Managed Network,17000,17083.33,0,0,0,0,0
1/10/2023,2023,1,NSW,Enterprise,Cloud Connect,12500,13666.67,0,0,0,0,0
1/10/2023,2023,1,NSW,Enterprise,Broadband,6500,8200,0,0,0,0,0
1/10/2023,2023,1,NSW,Enterprise,Mobile,5500,5466.67,0,0,0,0,0
1/11/2023,2023,1,NSW,Enterprise,Fibre,20500,23916.67,4,62600,47,18,300
1/11/2023,2023,1,NSW,Enterprise,Managed Network,17500,17083.33,0,0,0,0,0
1/11/2023,2023,1,NSW,Enterprise,Cloud Connect,15000,13666.67,0,0,0,0,0
1/11/2023,2023,1,NSW,Enterprise,Broadband,9500,8200,0,0,0,0,0
1/11/2023,2023,1,NSW,Enterprise,Mobile,6000,5466.67,0,0,0,0,0
1/12/2023,2023,1,NSW,Enterprise,Fibre,29000,23916.67,1,3100,63,3,400
1/12/2023,2023,1,NSW,Enterprise,Managed Network,17500,17083.33,0,0,0,0,0
1/12/2023,2023,1,NSW,Enterprise,Cloud Connect,17000,13666.67,0,0,0,0,0
1/12/2023,2023,1,NSW,Enterprise,Broadband,8500,8200,0,0,0,0,0
1/12/2023,2023,1,NSW,Enterprise,Mobile,5500,5466.67,0,0,0,0,0
1/01/2024,2024,1,NSW,Enterprise,Fibre,19500,23916.67,1,4600,72,4,300
1/01/2024,2024,1,NSW,Enterprise,Managed Network,12000,17083.33,0,0,0,0,0
1/01/2024,2024,1,NSW,Enterprise,Cloud Connect,10000,13666.67,0,0,0,0,0
1/01/2024,2024,1,NSW,Enterprise,Broadband,6000,8200,0,0,0,0,0
1/01/2024,2024,1,NSW,Enterprise,Mobile,4000,5466.67,0,0,0,0,0
1/02/2024,2024,1,NSW,Enterprise,Fibre,20500,23916.67,2,32900,68,9,200
1/02/2024,2024,1,NSW,Enterprise,Managed Network,14500,17083.33,0,0,0,0,0
1/02/2024,2024,1,NSW,Enterprise,Cloud Connect,10000,13666.67,0,0,0,0,0
1/02/2024,2024,1,NSW,Enterprise,Broadband,5500,8200,0,0,0,0,0
1/02/2024,2024,1,NSW,Enterprise,Mobile,4500,5466.67,0,0,0,0,0
1/03/2024,2024,1,NSW,Enterprise,Fibre,16500,23916.67,4,37800,65,4,300
1/03/2024,2024,1,NSW,Enterprise,Managed Network,9500,17083.33,0,0,0,0,0
1/03/2024,2024,1,NSW,Enterprise,Cloud Connect,8500,13666.67,0,0,0,0,0
1/03/2024,2024,1,NSW,Enterprise,Broadband,4500,8200,0,0,0,0,0
1/03/2024,2024,1,NSW,Enterprise,Mobile,4000,5466.67,0,0,0,0,0
1/04/2024,2024,1,NSW,Enterprise,Fibre,22500,23916.67,0,0,23,6,300
1/04/2024,2024,1,NSW,Enterprise,Managed Network,14500,17083.33,0,0,0,0,0
1/04/2024,2024,1,NSW,Enterprise,Cloud Connect,12000,13666.67,0,0,0,0,0
1/04/2024,2024,1,NSW,Enterprise,Broadband,8500,8200,0,0,0,0,0
1/04/2024,2024,1,NSW,Enterprise,Mobile,5000,5466.67,0,0,0,0,0
1/05/2024,2024,1,NSW,Enterprise,Fibre,20500,23916.67,2,40500,26,11,400
1/05/2024,2024,1,NSW,Enterprise,Managed Network,12500,17083.33,0,0,0,0,0
1/05/2024,2024,1,NSW,Enterprise,Cloud Connect,12500,13666.67,0,0,0,0,0
1/05/2024,2024,1,NSW,Enterprise,Broadband,6000,8200,0,0,0,0,0
1/05/2024,2024,1,NSW,Enterprise,Mobile,5000,5466.67,0,0,0,0,0
1/06/2024,2024,1,NSW,Enterprise,Fibre,15000,23916.67,0,0,51,9,400
1/06/2024,2024,1,NSW,Enterprise,Managed Network,11000,17083.33,0,0,0,0,0
1/06/2024,2024,1,NSW,Enterprise,Cloud Connect,9500,13666.67,0,0,0,0,0
1/06/2024,2024,1,NSW,Enterprise,Broadband,5000,8200,0,0,0,0,0
1/06/2024,2024,1,NSW,Enterprise,Mobile,4000,5466.67,0,0,0,0,0
1/07/2024,2024,1,NSW,Enterprise,Fibre,18500,23916.67,4,45000,35,3,100
1/07/2024,2024,1,NSW,Enterprise,Managed Network,14000,17083.33,0,0,0,0,0
1/07/2024,2024,1,NSW,Enterprise,Cloud Connect,11000,13666.67,0,0,0,0,0
1/07/2024,2024,1,NSW,Enterprise,Broadband,6500,8200,0,0,0,0,0
1/07/2024,2024,1,NSW,Enterprise,Mobile,3500,5466.67,0,0,0,0,0
1/08/2024,2024,1,NSW,Enterprise,Fibre,20000,23916.67,0,0,66,6,200
1/08/2024,2024,1,NSW,Enterprise,Managed Network,13500,17083.33,0,0,0,0,0
1/08/2024,2024,1,NSW,Enterprise,Cloud Connect,12500,13666.67,0,0,0,0,0
1/08/2024,2024,1,NSW,Enterprise,Broadband,6000,8200,0,0,0,0,0
1/08/2024,2024,1,NSW,Enterprise,Mobile,4000,5466.67,0,0,0,0,0
1/09/2024,2024,1,NSW,Enterprise,Fibre,20000,23916.67,2,39000,40,16,500
1/09/2024,2024,1,NSW,Enterprise,Managed Network,18000,17083.33,0,0,0,0,0
1/09/2024,2024,1,NSW,Enterprise,Cloud Connect,14500,13666.67,0,0,0,0,0
1/09/2024,2024,1,NSW,Enterprise,Broadband,6500,8200,0,0,0,0,0
1/09/2024,2024,1,NSW,Enterprise,Mobile,4500,5466.67,0,0,0,0,0
1/10/2024,2024,1,NSW,Enterprise,Fibre,26000,23916.67,2,39700,37,5,300
1/10/2024,2024,1,NSW,Enterprise,Managed Network,15500,17083.33,0,0,0,0,0
1/10/2024,2024,1,NSW,Enterprise,Cloud Connect,13000,13666.67,0,0,0,0,0
1/10/2024,2024,1,NSW,Enterprise,Broadband,9500,8200,0,0,0,0,0
1/10/2024,2024,1,NSW,Enterprise,Mobile,5000,5466.67,0,0,0,0,0
1/11/2024,2024,1,NSW,Enterprise,Fibre,20500,23916.67,3,38000,28,4,200
1/11/2024,2024,1,NSW,Enterprise,Managed Network,18500,17083.33,0,0,0,0,0
1/11/2024,2024,1,NSW,Enterprise,Cloud Connect,13000,13666.67,0,0,0,0,0
1/11/2024,2024,1,NSW,Enterprise,Broadband,8000,8200,0,0,0,0,0
1/11/2024,2024,1,NSW,Enterprise,Mobile,5000,5466.67,0,0,0,0,0
1/12/2024,2024,1,NSW,Enterprise,Fibre,30500,23916.67,2,25900,75,7,300
1/12/2024,2024,1,NSW,Enterprise,Managed Network,17000,17083.33,0,0,0,0,0
1/12/2024,2024,1,NSW,Enterprise,Cloud Connect,15000,13666.67,0,0,0,0,0
1/12/2024,2024,1,NSW,Enterprise,Broadband,8000,8200,0,0,0,0,0
1/12/2024,2024,1,NSW,Enterprise,Mobile,6000,5466.67,0,0,0,0,0
1/01/2023,2023,2,NSW,SMB,Broadband,14000,14000,4,6600,56,10,400
1/01/2023,2023,2,NSW,SMB,Mobile,9000,10000,0,0,0,0,0
1/01/2023,2023,2,NSW,SMB,Fibre,7500,8000,0,0,0,0,0
1/01/2023,2023,2,NSW,SMB,Cloud Connect,4500,4800,0,0,0,0,0
1/01/2023,2023,2,NSW,SMB,Managed Network,3000,3200,0,0,0,0,0
1/02/2023,2023,2,NSW,SMB,Broadband,14000,14000,2,3200,61,15,200
1/02/2023,2023,2,NSW,SMB,Mobile,9000,10000,0,0,0,0,0
1/02/2023,2023,2,NSW,SMB,Fibre,8500,8000,0,0,0,0,0
1/02/2023,2023,2,NSW,SMB,Cloud Connect,3500,4800,0,0,0,0,0
1/02/2023,2023,2,NSW,SMB,Managed Network,3000,3200,0,0,0,0,0
1/03/2023,2023,2,NSW,SMB,Broadband,10000,14000,3,2900,68,18,300
1/03/2023,2023,2,NSW,SMB,Mobile,8500,10000,0,0,0,0,0
1/03/2023,2023,2,NSW,SMB,Fibre,5500,8000,0,0,0,0,0
1/03/2023,2023,2,NSW,SMB,Cloud Connect,3500,4800,0,0,0,0,0
1/03/2023,2023,2,NSW,SMB,Managed Network,2500,3200,0,0,0,0,0
1/04/2023,2023,2,NSW,SMB,Broadband,11500,14000,0,0,49,17,400
1/04/2023,2023,2,NSW,SMB,Mobile,9500,10000,0,0,0,0,0
1/04/2023,2023,2,NSW,SMB,Fibre,6500,8000,0,0,0,0,0
1/04/2023,2023,2,NSW,SMB,Cloud Connect,3500,4800,0,0,0,0,0
1/04/2023,2023,2,NSW,SMB,Managed Network,2500,3200,0,0,0,0,0
1/05/2023,2023,2,NSW,SMB,Broadband,13500,14000,3,2600,55,3,100
1/05/2023,2023,2,NSW,SMB,Mobile,10500,10000,0,0,0,0,0
1/05/2023,2023,2,NSW,SMB,Fibre,7500,8000,0,0,0,0,0
1/05/2023,2023,2,NSW,SMB,Cloud Connect,5000,4800,0,0,0,0,0
1/05/2023,2023,2,NSW,SMB,Managed Network,3000,3200,0,0,0,0,0
1/06/2023,2023,2,NSW,SMB,Broadband,13500,14000,2,2800,23,10,300
1/06/2023,2023,2,NSW,SMB,Mobile,11000,10000,0,0,0,0,0
1/06/2023,2023,2,NSW,SMB,Fibre,8000,8000,0,0,0,0,0
1/06/2023,2023,2,NSW,SMB,Cloud Connect,5000,4800,0,0,0,0,0
1/06/2023,2023,2,NSW,SMB,Managed Network,3000,3200,0,0,0,0,0
1/07/2023,2023,2,NSW,SMB,Broadband,14000,14000,1,200,41,14,400
1/07/2023,2023,2,NSW,SMB,Mobile,8000,10000,0,0,0,0,0
1/07/2023,2023,2,NSW,SMB,Fibre,7000,8000,0,0,0,0,0
1/07/2023,2023,2,NSW,SMB,Cloud Connect,4500,4800,0,0,0,0,0
1/07/2023,2023,2,NSW,SMB,Managed Network,2500,3200,0,0,0,0,0
1/08/2023,2023,2,NSW,SMB,Broadband,12500,14000,3,2600,32,9,200
1/08/2023,2023,2,NSW,SMB,Mobile,7500,10000,0,0,0,0,0
1/08/2023,2023,2,NSW,SMB,Fibre,6000,8000,0,0,0,0,0
1/08/2023,2023,2,NSW,SMB,Cloud Connect,4000,4800,0,0,0,0,0
1/08/2023,2023,2,NSW,SMB,Managed Network,2500,3200,0,0,0,0,0
1/09/2023,2023,2,NSW,SMB,Broadband,13000,14000,0,0,79,6,500
1/09/2023,2023,2,NSW,SMB,Mobile,8500,10000,0,0,0,0,0
1/09/2023,2023,2,NSW,SMB,Fibre,7000,8000,0,0,0,0,0
1/09/2023,2023,2,NSW,SMB,Cloud Connect,4000,4800,0,0,0,0,0
1/09/2023,2023,2,NSW,SMB,Managed Network,3000,3200,0,0,0,0,0
1/10/2023,2023,2,NSW,SMB,Broadband,12500,14000,0,0,55,16,400
1/10/2023,2023,2,NSW,SMB,Mobile,9000,10000,0,0,0,0,0
1/10/2023,2023,2,NSW,SMB,Fibre,8000,8000,0,0,0,0,0
1/10/2023,2023,2,NSW,SMB,Cloud Connect,4000,4800,0,0,0,0,0
1/10/2023,2023,2,NSW,SMB,Managed Network,3000,3200,0,0,0,0,0
1/11/2023,2023,2,NSW,SMB,Broadband,17000,14000,0,0,44,13,400
1/11/2023,2023,2,NSW,SMB,Mobile,10500,10000,0,0,0,0,0
1/11/2023,2023,2,NSW,SMB,Fibre,9000,8000,0,0,0,0,0
1/11/2023,2023,2,NSW,SMB,Cloud Connect,5500,4800,0,0,0,0,0
1/11/2023,2023,2,NSW,SMB,Managed Network,3500,3200,0,0,0,0,0
1/12/2023,2023,2,NSW,SMB,Broadband,15500,14000,2,2900,28,7,300
1/12/2023,2023,2,NSW,SMB,Mobile,12000,10000,0,0,0,0,0
1/12/2023,2023,2,NSW,SMB,Fibre,8500,8000,0,0,0,0,0
1/12/2023,2023,2,NSW,SMB,Cloud Connect,5500,4800,0,0,0,0,0
1/12/2023,2023,2,NSW,SMB,Managed Network,3500,3200,0,0,0,0,0
1/01/2024,2024,2,NSW,SMB,Broadband,10000,14000,1,600,33,12,500
1/01/2024,2024,2,NSW,SMB,Mobile,8000,10000,0,0,0,0,0
1/01/2024,2024,2,NSW,SMB,Fibre,7000,8000,0,0,0,0,0
1/01/2024,2024,2,NSW,SMB,Cloud Connect,4000,4800,0,0,0,0,0
1/01/2024,2024,2,NSW,SMB,Managed Network,2500,3200,0,0,0,0,0
1/02/2024,2024,2,NSW,SMB,Broadband,12000,14000,2,2100,68,14,400
1/02/2024,2024,2,NSW,SMB,Mobile,9000,10000,0,0,0,0,0
1/02/2024,2024,2,NSW,SMB,Fibre,7500,8000,0,0,0,0,0
1/02/2024,2024,2,NSW,SMB,Cloud Connect,4000,4800,0,0,0,0,0
1/02/2024,2024,2,NSW,SMB,Managed Network,3000,3200,0,0,0,0,0
1/03/2024,2024,2,NSW,SMB,Broadband,11500,14000,3,3400,26,3,300
1/03/2024,2024,2,NSW,SMB,Mobile,10000,10000,0,0,0,0,0
1/03/2024,2024,2,NSW,SMB,Fibre,7000,8000,0,0,0,0,0
1/03/2024,2024,2,NSW,SMB,Cloud Connect,5000,4800,0,0,0,0,0
1/03/2024,2024,2,NSW,SMB,Managed Network,2500,3200,0,0,0,0,0
1/04/2024,2024,2,NSW,SMB,Broadband,12000,14000,1,1900,23,12,200
1/04/2024,2024,2,NSW,SMB,Mobile,7000,10000,0,0,0,0,0
1/04/2024,2024,2,NSW,SMB,Fibre,7000,8000,0,0,0,0,0
1/04/2024,2024,2,NSW,SMB,Cloud Connect,3500,4800,0,0,0,0,0
1/04/2024,2024,2,NSW,SMB,Managed Network,3000,3200,0,0,0,0,0
1/05/2024,2024,2,NSW,SMB,Broadband,15500,14000,1,1700,61,15,200
1/05/2024,2024,2,NSW,SMB,Mobile,12000,10000,0,0,0,0,0
1/05/2024,2024,2,NSW,SMB,Fibre,9000,8000,0,0,0,0,0
1/05/2024,2024,2,NSW,SMB,Cloud Connect,5500,4800,0,0,0,0,0
1/05/2024,2024,2,NSW,SMB,Managed Network,3000,3200,0,0,0,0,0
1/06/2024,2024,2,NSW,SMB,Broadband,13000,14000,2,1600,20,11,200
1/06/2024,2024,2,NSW,SMB,Mobile,10000,10000,0,0,0,0,0
1/06/2024,2024,2,NSW,SMB,Fibre,8000,8000,0,0,0,0,0
1/06/2024,2024,2,NSW,SMB,Cloud Connect,4500,4800,0,0,0,0,0
1/06/2024,2024,2,NSW,SMB,Managed Network,3000,3200,0,0,0,0,0
1/07/2024,2024,2,NSW,SMB,Broadband,15000,14000,4,5000,69,9,200
1/07/2024,2024,2,NSW,SMB,Mobile,12500,10000,0,0,0,0,0
1/07/2024,2024,2,NSW,SMB,Fibre,7500,8000,0,0,0,0,0
1/07/2024,2024,2,NSW,SMB,Cloud Connect,6000,4800,0,0,0,0,0
1/07/2024,2024,2,NSW,SMB,Managed Network,3500,3200,0,0,0,0,0
1/08/2024,2024,2,NSW,SMB,Broadband,11500,14000,3,2800,28,8,400
1/08/2024,2024,2,NSW,SMB,Mobile,6500,10000,0,0,0,0,0
1/08/2024,2024,2,NSW,SMB,Fibre,6000,8000,0,0,0,0,0
1/08/2024,2024,2,NSW,SMB,Cloud Connect,4000,4800,0,0,0,0,0
1/08/2024,2024,2,NSW,SMB,Managed Network,2000,3200,0,0,0,0,0
1/09/2024,2024,2,NSW,SMB,Broadband,16500,14000,4,5500,70,14,100
1/09/2024,2024,2,NSW,SMB,Mobile,10000,10000,0,0,0,0,0
1/09/2024,2024,2,NSW,SMB,Fibre,8000,8000,0,0,0,0,0
1/09/2024,2024,2,NSW,SMB,Cloud Connect,4500,4800,0,0,0,0,0
1/09/2024,2024,2,NSW,SMB,Managed Network,3000,3200,0,0,0,0,0
1/10/2024,2024,2,NSW,SMB,Broadband,15000,14000,4,3600,34,9,400
1/10/2024,2024,2,NSW,SMB,Mobile,10500,10000,0,0,0,0,0
1/10/2024,2024,2,NSW,SMB,Fibre,8000,8000,0,0,0,0,0
1/10/2024,2024,2,NSW,SMB,Cloud Connect,5500,4800,0,0,0,0,0
1/10/2024,2024,2,NSW,SMB,Managed Network,3500,3200,0,0,0,0,0
1/11/2024,2024,2,NSW,SMB,Broadband,15000,14000,0,0,62,14,300
1/11/2024,2024,2,NSW,SMB,Mobile,12000,10000,0,0,0,0,0
1/11/2024,2024,2,NSW,SMB,Fibre,10500,8000,0,0,0,0,0
1/11/2024,2024,2,NSW,SMB,Cloud Connect,5000,4800,0,0,0,0,0
1/11/2024,2024,2,NSW,SMB,Managed Network,3000,3200,0,0,0,0,0
1/12/2024,2024,2,NSW,SMB,Broadband,19000,14000,0,0,44,11,400
1/12/2024,2024,2,NSW,SMB,Mobile,11000,10000,0,0,0,0,0
1/12/2024,2024,2,NSW,SMB,Fibre,10500,8000,0,0,0,0,0
1/12/2024,2024,2,NSW,SMB,Cloud Connect,6500,4800,0,0,0,0,0
1/12/2024,2024,2,NSW,SMB,Managed Network,4000,3200,0,0,0,0,0
1/01/2023,2023,3,VIC,Enterprise,Fibre,16500,21875,1,13000,52,5,100
1/01/2023,2023,3,VIC,Enterprise,Managed Network,15000,15625,0,0,0,0,0
1/01/2023,2023,3,VIC,Enterprise,Cloud Connect,10500,12500,0,0,0,0,0
1/01/2023,2023,3,VIC,Enterprise,Broadband,5500,7500,0,0,0,0,0
1/01/2023,2023,3,VIC,Enterprise,Mobile,3500,5000,0,0,0,0,0
1/02/2023,2023,3,VIC,Enterprise,Fibre,22000,21875,3,35200,73,16,400
1/02/2023,2023,3,VIC,Enterprise,Managed Network,12500,15625,0,0,0,0,0
1/02/2023,2023,3,VIC,Enterprise,Cloud Connect,12000,12500,0,0,0,0,0
1/02/2023,2023,3,VIC,Enterprise,Broadband,6000,7500,0,0,0,0,0
1/02/2023,2023,3,VIC,Enterprise,Mobile,5000,5000,0,0,0,0,0
1/03/2023,2023,3,VIC,Enterprise,Fibre,13500,21875,0,0,31,11,400
1/03/2023,2023,3,VIC,Enterprise,Managed Network,12500,15625,0,0,0,0,0
1/03/2023,2023,3,VIC,Enterprise,Cloud Connect,10000,12500,0,0,0,0,0
1/03/2023,2023,3,VIC,Enterprise,Broadband,5500,7500,0,0,0,0,0
1/03/2023,2023,3,VIC,Enterprise,Mobile,3500,5000,0,0,0,0,0
1/04/2023,2023,3,VIC,Enterprise,Fibre,17500,21875,0,0,44,6,400
1/04/2023,2023,3,VIC,Enterprise,Managed Network,16000,15625,0,0,0,0,0
1/04/2023,2023,3,VIC,Enterprise,Cloud Connect,10500,12500,0,0,0,0,0
1/04/2023,2023,3,VIC,Enterprise,Broadband,7500,7500,0,0,0,0,0
1/04/2023,2023,3,VIC,Enterprise,Mobile,4000,5000,0,0,0,0,0
1/05/2023,2023,3,VIC,Enterprise,Fibre,27000,21875,4,55400,58,5,200
1/05/2023,2023,3,VIC,Enterprise,Managed Network,17500,15625,0,0,0,0,0
1/05/2023,2023,3,VIC,Enterprise,Cloud Connect,14000,12500,0,0,0,0,0
1/05/2023,2023,3,VIC,Enterprise,Broadband,9000,7500,0,0,0,0,0
1/05/2023,2023,3,VIC,Enterprise,Mobile,5500,5000,0,0,0,0,0
1/06/2023,2023,3,VIC,Enterprise,Fibre,24500,21875,3,55900,29,12,400
1/06/2023,2023,3,VIC,Enterprise,Managed Network,18000,15625,0,0,0,0,0
1/06/2023,2023,3,VIC,Enterprise,Cloud Connect,14000,12500,0,0,0,0,0
1/06/2023,2023,3,VIC,Enterprise,Broadband,8000,7500,0,0,0,0,0
1/06/2023,2023,3,VIC,Enterprise,Mobile,5500,5000,0,0,0,0,0
1/07/2023,2023,3,VIC,Enterprise,Fibre,20500,21875,1,6500,22,3,400
1/07/2023,2023,3,VIC,Enterprise,Managed Network,14500,15625,0,0,0,0,0
1/07/2023,2023,3,VIC,Enterprise,Cloud Connect,13000,12500,0,0,0,0,0
1/07/2023,2023,3,VIC,Enterprise,Broadband,6500,7500,0,0,0,0,0
1/07/2023,2023,3,VIC,Enterprise,Mobile,5000,5000,0,0,0,0,0
1/08/2023,2023,3,VIC,Enterprise,Fibre,24000,21875,1,16000,77,7,200
1/08/2023,2023,3,VIC,Enterprise,Managed Network,20000,15625,0,0,0,0,0
1/08/2023,2023,3,VIC,Enterprise,Cloud Connect,14000,12500,0,0,0,0,0
1/08/2023,2023,3,VIC,Enterprise,Broadband,8000,7500,0,0,0,0,0
1/08/2023,2023,3,VIC,Enterprise,Mobile,6500,5000,0,0,0,0,0
1/09/2023,2023,3,VIC,Enterprise,Fibre,20000,21875,4,58000,38,5,200
1/09/2023,2023,3,VIC,Enterprise,Managed Network,17000,15625,0,0,0,0,0
1/09/2023,2023,3,VIC,Enterprise,Cloud Connect,13000,12500,0,0,0,0,0
1/09/2023,2023,3,VIC,Enterprise,Broadband,7500,7500,0,0,0,0,0
1/09/2023,2023,3,VIC,Enterprise,Mobile,4500,5000,0,0,0,0,0
1/10/2023,2023,3,VIC,Enterprise,Fibre,24500,21875,2,27600,77,9,300
1/10/2023,2023,3,VIC,Enterprise,Managed Network,16500,15625,0,0,0,0,0
1/10/2023,2023,3,VIC,Enterprise,Cloud Connect,15000,12500,0,0,0,0,0
1/10/2023,2023,3,VIC,Enterprise,Broadband,9000,7500,0,0,0,0,0
1/10/2023,2023,3,VIC,Enterprise,Mobile,5000,5000,0,0,0,0,0
1/11/2023,2023,3,VIC,Enterprise,Fibre,31000,21875,2,24500,20,13,200
1/11/2023,2023,3,VIC,Enterprise,Managed Network,21500,15625,0,0,0,0,0
1/11/2023,2023,3,VIC,Enterprise,Cloud Connect,17000,12500,0,0,0,0,0
1/11/2023,2023,3,VIC,Enterprise,Broadband,9000,7500,0,0,0,0,0
1/11/2023,2023,3,VIC,Enterprise,Mobile,6000,5000,0,0,0,0,0
1/12/2023,2023,3,VIC,Enterprise,Fibre,27500,21875,3,49100,69,12,300
1/12/2023,2023,3,VIC,Enterprise,Managed Network,17500,15625,0,0,0,0,0
1/12/2023,2023,3,VIC,Enterprise,Cloud Connect,16000,12500,0,0,0,0,0
1/12/2023,2023,3,VIC,Enterprise,Broadband,10500,7500,0,0,0,0,0
1/12/2023,2023,3,VIC,Enterprise,Mobile,7000,5000,0,0,0,0,0
1/01/2024,2024,3,VIC,Enterprise,Fibre,15500,21875,1,11100,66,5,500
1/01/2024,2024,3,VIC,Enterprise,Managed Network,10500,15625,0,0,0,0,0
1/01/2024,2024,3,VIC,Enterprise,Cloud Connect,10000,12500,0,0,0,0,0
1/01/2024,2024,3,VIC,Enterprise,Broadband,5000,7500,0,0,0,0,0
1/01/2024,2024,3,VIC,Enterprise,Mobile,4000,5000,0,0,0,0,0
1/02/2024,2024,3,VIC,Enterprise,Fibre,23000,21875,1,3700,55,11,400
1/02/2024,2024,3,VIC,Enterprise,Managed Network,15000,15625,0,0,0,0,0
1/02/2024,2024,3,VIC,Enterprise,Cloud Connect,12000,12500,0,0,0,0,0
1/02/2024,2024,3,VIC,Enterprise,Broadband,6500,7500,0,0,0,0,0
1/02/2024,2024,3,VIC,Enterprise,Mobile,4500,5000,0,0,0,0,0
1/03/2024,2024,3,VIC,Enterprise,Fibre,24000,21875,2,24600,52,5,300
1/03/2024,2024,3,VIC,Enterprise,Managed Network,15500,15625,0,0,0,0,0
1/03/2024,2024,3,VIC,Enterprise,Cloud Connect,13000,12500,0,0,0,0,0
1/03/2024,2024,3,VIC,Enterprise,Broadband,10000,7500,0,0,0,0,0
1/03/2024,2024,3,VIC,Enterprise,Mobile,6500,5000,0,0,0,0,0
1/04/2024,2024,3,VIC,Enterprise,Fibre,27500,21875,4,40300,56,7,500
1/04/2024,2024,3,VIC,Enterprise,Managed Network,20500,15625,0,0,0,0,0
1/04/2024,2024,3,VIC,Enterprise,Cloud Connect,12500,12500,0,0,0,0,0
1/04/2024,2024,3,VIC,Enterprise,Broadband,9500,7500,0,0,0,0,0
1/04/2024,2024,3,VIC,Enterprise,Mobile,5500,5000,0,0,0,0,0
1/05/2024,2024,3,VIC,Enterprise,Fibre,22000,21875,0,0,62,9,400
1/05/2024,2024,3,VIC,Enterprise,Managed Network,13500,15625,0,0,0,0,0
1/05/2024,2024,3,VIC,Enterprise,Cloud Connect,11000,12500,0,0,0,0,0
1/05/2024,2024,3,VIC,Enterprise,Broadband,6500,7500,0,0,0,0,0
1/05/2024,2024,3,VIC,Enterprise,Mobile,4000,5000,0,0,0,0,0
1/06/2024,2024,3,VIC,Enterprise,Fibre,24500,21875,0,0,65,11,500
1/06/2024,2024,3,VIC,Enterprise,Managed Network,19500,15625,0,0,0,0,0
1/06/2024,2024,3,VIC,Enterprise,Cloud Connect,13500,12500,0,0,0,0,0
1/06/2024,2024,3,VIC,Enterprise,Broadband,9500,7500,0,0,0,0,0
1/06/2024,2024,3,VIC,Enterprise,Mobile,6000,5000,0,0,0,0,0
1/07/2024,2024,3,VIC,Enterprise,Fibre,30500,21875,0,0,53,11,300
1/07/2024,2024,3,VIC,Enterprise,Managed Network,17500,15625,0,0,0,0,0
1/07/2024,2024,3,VIC,Enterprise,Cloud Connect,15000,12500,0,0,0,0,0
1/07/2024,2024,3,VIC,Enterprise,Broadband,10000,7500,0,0,0,0,0
1/07/2024,2024,3,VIC,Enterprise,Mobile,6000,5000,0,0,0,0,0
1/08/2024,2024,3,VIC,Enterprise,Fibre,29000,21875,4,45600,30,10,100
1/08/2024,2024,3,VIC,Enterprise,Managed Network,19500,15625,0,0,0,0,0
1/08/2024,2024,3,VIC,Enterprise,Cloud Connect,15000,12500,0,0,0,0,0
1/08/2024,2024,3,VIC,Enterprise,Broadband,9000,7500,0,0,0,0,0
1/08/2024,2024,3,VIC,Enterprise,Mobile,7000,5000,0,0,0,0,0
1/09/2024,2024,3,VIC,Enterprise,Fibre,25000,21875,1,16100,71,13,500
1/09/2024,2024,3,VIC,Enterprise,Managed Network,21500,15625,0,0,0,0,0
1/09/2024,2024,3,VIC,Enterprise,Cloud Connect,16000,12500,0,0,0,0,0
1/09/2024,2024,3,VIC,Enterprise,Broadband,10000,7500,0,0,0,0,0
1/09/2024,2024,3,VIC,Enterprise,Mobile,7000,5000,0,0,0,0,0
1/10/2024,2024,3,VIC,Enterprise,Fibre,24000,21875,0,0,28,8,200
1/10/2024,2024,3,VIC,Enterprise,Managed Network,14500,15625,0,0,0,0,0
1/10/2024,2024,3,VIC,Enterprise,Cloud Connect,13500,12500,0,0,0,0,0
1/10/2024,2024,3,VIC,Enterprise,Broadband,7000,7500,0,0,0,0,0
1/10/2024,2024,3,VIC,Enterprise,Mobile,5000,5000,0,0,0,0,0
1/11/2024,2024,3,VIC,Enterprise,Fibre,21000,21875,4,58500,72,12,100
1/11/2024,2024,3,VIC,Enterprise,Managed Network,17000,15625,0,0,0,0,0
1/11/2024,2024,3,VIC,Enterprise,Cloud Connect,13000,12500,0,0,0,0,0
1/11/2024,2024,3,VIC,Enterprise,Broadband,8000,7500,0,0,0,0,0
1/11/2024,2024,3,VIC,Enterprise,Mobile,5000,5000,0,0,0,0,0
1/12/2024,2024,3,VIC,Enterprise,Fibre,25000,21875,4,60800,36,8,500
1/12/2024,2024,3,VIC,Enterprise,Managed Network,19000,15625,0,0,0,0,0
1/12/2024,2024,3,VIC,Enterprise,Cloud Connect,14000,12500,0,0,0,0,0
1/12/2024,2024,3,VIC,Enterprise,Broadband,7000,7500,0,0,0,0,0
1/12/2024,2024,3,VIC,Enterprise,Mobile,5000,5000,0,0,0,0,0
1/01/2023,2023,4,VIC,SMB,Broadband,7000,12250,4,5100,58,6,200
1/01/2023,2023,4,VIC,SMB,Mobile,5000,8750,0,0,0,0,0
1/01/2023,2023,4,VIC,SMB,Fibre,3500,7000,0,0,0,0,0
1/01/2023,2023,4,VIC,SMB,Cloud Connect,2500,4200,0,0,0,0,0
1/01/2023,2023,4,VIC,SMB,Managed Network,1500,2800,0,0,0,0,0
1/02/2023,2023,4,VIC,SMB,Broadband,8500,12250,1,1400,54,3,500
1/02/2023,2023,4,VIC,SMB,Mobile,6000,8750,0,0,0,0,0
1/02/2023,2023,4,VIC,SMB,Fibre,4500,7000,0,0,0,0,0
1/02/2023,2023,4,VIC,SMB,Cloud Connect,3000,4200,0,0,0,0,0
1/02/2023,2023,4,VIC,SMB,Managed Network,2000,2800,0,0,0,0,0
1/03/2023,2023,4,VIC,SMB,Broadband,8500,12250,3,4100,67,6,300
1/03/2023,2023,4,VIC,SMB,Mobile,7000,8750,0,0,0,0,0
1/03/2023,2023,4,VIC,SMB,Fibre,5000,7000,0,0,0,0,0
1/03/2023,2023,4,VIC,SMB,Cloud Connect,3500,4200,0,0,0,0,0
1/03/2023,2023,4,VIC,SMB,Managed Network,2000,2800,0,0,0,0,0
1/04/2023,2023,4,VIC,SMB,Broadband,11500,12250,2,800,65,3,400
1/04/2023,2023,4,VIC,SMB,Mobile,8500,8750,0,0,0,0,0
1/04/2023,2023,4,VIC,SMB,Fibre,6500,7000,0,0,0,0,0
1/04/2023,2023,4,VIC,SMB,Cloud Connect,3500,4200,0,0,0,0,0
1/04/2023,2023,4,VIC,SMB,Managed Network,3000,2800,0,0,0,0,0
1/05/2023,2023,4,VIC,SMB,Broadband,10000,12250,1,1100,61,11,200
1/05/2023,2023,4,VIC,SMB,Mobile,6500,8750,0,0,0,0,0
1/05/2023,2023,4,VIC,SMB,Fibre,5000,7000,0,0,0,0,0
1/05/2023,2023,4,VIC,SMB,Cloud Connect,3000,4200,0,0,0,0,0
1/05/2023,2023,4,VIC,SMB,Managed Network,2000,2800,0,0,0,0,0
1/06/2023,2023,4,VIC,SMB,Broadband,13000,12250,4,4900,43,18,200
1/06/2023,2023,4,VIC,SMB,Mobile,8500,8750,0,0,0,0,0
1/06/2023,2023,4,VIC,SMB,Fibre,7000,7000,0,0,0,0,0
1/06/2023,2023,4,VIC,SMB,Cloud Connect,4000,4200,0,0,0,0,0
1/06/2023,2023,4,VIC,SMB,Managed Network,2500,2800,0,0,0,0,0
1/07/2023,2023,4,VIC,SMB,Broadband,10000,12250,1,1100,70,8,200
1/07/2023,2023,4,VIC,SMB,Mobile,8000,8750,0,0,0,0,0
1/07/2023,2023,4,VIC,SMB,Fibre,6000,7000,0,0,0,0,0
1/07/2023,2023,4,VIC,SMB,Cloud Connect,4000,4200,0,0,0,0,0
1/07/2023,2023,4,VIC,SMB,Managed Network,2500,2800,0,0,0,0,0
1/08/2023,2023,4,VIC,SMB,Broadband,12500,12250,3,3500,25,7,300
1/08/2023,2023,4,VIC,SMB,Mobile,7500,8750,0,0,0,0,0
1/08/2023,2023,4,VIC,SMB,Fibre,5500,7000,0,0,0,0,0
1/08/2023,2023,4,VIC,SMB,Cloud Connect,3500,4200,0,0,0,0,0
1/08/2023,2023,4,VIC,SMB,Managed Network,2000,2800,0,0,0,0,0
1/09/2023,2023,4,VIC,SMB,Broadband,10000,12250,3,4300,38,4,500
1/09/2023,2023,4,VIC,SMB,Mobile,7000,8750,0,0,0,0,0
1/09/2023,2023,4,VIC,SMB,Fibre,5000,7000,0,0,0,0,0
1/09/2023,2023,4,VIC,SMB,Cloud Connect,3000,4200,0,0,0,0,0
1/09/2023,2023,4,VIC,SMB,Managed Network,2000,2800,0,0,0,0,0
1/10/2023,2023,4,VIC,SMB,Broadband,11000,12250,1,300,70,10,400
1/10/2023,2023,4,VIC,SMB,Mobile,7500,8750,0,0,0,0,0
1/10/2023,2023,4,VIC,SMB,Fibre,6500,7000,0,0,0,0,0
1/10/2023,2023,4,VIC,SMB,Cloud Connect,3500,4200,0,0,0,0,0
1/10/2023,2023,4,VIC,SMB,Managed Network,2500,2800,0,0,0,0,0
1/11/2023,2023,4,VIC,SMB,Broadband,12500,12250,3,3500,45,9,400
1/11/2023,2023,4,VIC,SMB,Mobile,11500,8750,0,0,0,0,0
1/11/2023,2023,4,VIC,SMB,Fibre,9500,7000,0,0,0,0,0
1/11/2023,2023,4,VIC,SMB,Cloud Connect,5000,4200,0,0,0,0,0
1/11/2023,2023,4,VIC,SMB,Managed Network,3500,2800,0,0,0,0,0
1/12/2023,2023,4,VIC,SMB,Broadband,14500,12250,2,2800,37,10,400
1/12/2023,2023,4,VIC,SMB,Mobile,9000,8750,0,0,0,0,0
1/12/2023,2023,4,VIC,SMB,Fibre,7000,7000,0,0,0,0,0
1/12/2023,2023,4,VIC,SMB,Cloud Connect,3500,4200,0,0,0,0,0
1/12/2023,2023,4,VIC,SMB,Managed Network,2500,2800,0,0,0,0,0
1/01/2024,2024,4,VIC,SMB,Broadband,10500,12250,0,0,52,12,300
1/01/2024,2024,4,VIC,SMB,Mobile,7000,8750,0,0,0,0,0
1/01/2024,2024,4,VIC,SMB,Fibre,6000,7000,0,0,0,0,0
1/01/2024,2024,4,VIC,SMB,Cloud Connect,3500,4200,0,0,0,0,0
1/01/2024,2024,4,VIC,SMB,Managed Network,2500,2800,0,0,0,0,0
1/02/2024,2024,4,VIC,SMB,Broadband,9500,12250,3,4400,35,13,500
1/02/2024,2024,4,VIC,SMB,Mobile,7000,8750,0,0,0,0,0
1/02/2024,2024,4,VIC,SMB,Fibre,5500,7000,0,0,0,0,0
1/02/2024,2024,4,VIC,SMB,Cloud Connect,3000,4200,0,0,0,0,0
1/02/2024,2024,4,VIC,SMB,Managed Network,2000,2800,0,0,0,0,0
1/03/2024,2024,4,VIC,SMB,Broadband,7500,12250,1,1800,40,16,300
1/03/2024,2024,4,VIC,SMB,Mobile,4500,8750,0,0,0,0,0
1/03/2024,2024,4,VIC,SMB,Fibre,5000,7000,0,0,0,0,0
1/03/2024,2024,4,VIC,SMB,Cloud Connect,2500,4200,0,0,0,0,0
1/03/2024,2024,4,VIC,SMB,Managed Network,1500,2800,0,0,0,0,0
1/04/2024,2024,4,VIC,SMB,Broadband,10000,12250,0,0,55,8,300
1/04/2024,2024,4,VIC,SMB,Mobile,7000,8750,0,0,0,0,0
1/04/2024,2024,4,VIC,SMB,Fibre,6000,7000,0,0,0,0,0
1/04/2024,2024,4,VIC,SMB,Cloud Connect,3500,4200,0,0,0,0,0
1/04/2024,2024,4,VIC,SMB,Managed Network,2500,2800,0,0,0,0,0
1/05/2024,2024,4,VIC,SMB,Broadband,10500,12250,3,3000,67,10,200
1/05/2024,2024,4,VIC,SMB,Mobile,7500,8750,0,0,0,0,0
1/05/2024,2024,4,VIC,SMB,Fibre,6000,7000,0,0,0,0,0
1/05/2024,2024,4,VIC,SMB,Cloud Connect,4000,4200,0,0,0,0,0
1/05/2024,2024,4,VIC,SMB,Managed Network,2500,2800,0,0,0,0,0
1/06/2024,2024,4,VIC,SMB,Broadband,8000,12250,3,3500,74,4,300
1/06/2024,2024,4,VIC,SMB,Mobile,5500,8750,0,0,0,0,0
1/06/2024,2024,4,VIC,SMB,Fibre,5500,7000,0,0,0,0,0
1/06/2024,2024,4,VIC,SMB,Cloud Connect,3000,4200,0,0,0,0,0
1/06/2024,2024,4,VIC,SMB,Managed Network,2000,2800,0,0,0,0,0
1/07/2024,2024,4,VIC,SMB,Broadband,9000,12250,4,4200,56,7,100
1/07/2024,2024,4,VIC,SMB,Mobile,6500,8750,0,0,0,0,0
1/07/2024,2024,4,VIC,SMB,Fibre,6000,7000,0,0,0,0,0
1/07/2024,2024,4,VIC,SMB,Cloud Connect,2500,4200,0,0,0,0,0
1/07/2024,2024,4,VIC,SMB,Managed Network,2000,2800,0,0,0,0,0
1/08/2024,2024,4,VIC,SMB,Broadband,14000,12250,1,1100,27,17,300
1/08/2024,2024,4,VIC,SMB,Mobile,8000,8750,0,0,0,0,0
1/08/2024,2024,4,VIC,SMB,Fibre,7000,7000,0,0,0,0,0
1/08/2024,2024,4,VIC,SMB,Cloud Connect,4500,4200,0,0,0,0,0
1/08/2024,2024,4,VIC,SMB,Managed Network,3000,2800,0,0,0,0,0
1/09/2024,2024,4,VIC,SMB,Broadband,11000,12250,1,1300,36,10,200
1/09/2024,2024,4,VIC,SMB,Mobile,8000,8750,0,0,0,0,0
1/09/2024,2024,4,VIC,SMB,Fibre,6000,7000,0,0,0,0,0
1/09/2024,2024,4,VIC,SMB,Cloud Connect,4000,4200,0,0,0,0,0
1/09/2024,2024,4,VIC,SMB,Managed Network,2500,2800,0,0,0,0,0
1/10/2024,2024,4,VIC,SMB,Broadband,12500,12250,2,2900,37,17,200
1/10/2024,2024,4,VIC,SMB,Mobile,10000,8750,0,0,0,0,0
1/10/2024,2024,4,VIC,SMB,Fibre,7500,7000,0,0,0,0,0
1/10/2024,2024,4,VIC,SMB,Cloud Connect,4500,4200,0,0,0,0,0
1/10/2024,2024,4,VIC,SMB,Managed Network,3000,2800,0,0,0,0,0
1/11/2024,2024,4,VIC,SMB,Broadband,14500,12250,3,3600,29,7,300
1/11/2024,2024,4,VIC,SMB,Mobile,8500,8750,0,0,0,0,0
1/11/2024,2024,4,VIC,SMB,Fibre,7500,7000,0,0,0,0,0
1/11/2024,2024,4,VIC,SMB,Cloud Connect,5500,4200,0,0,0,0,0
1/11/2024,2024,4,VIC,SMB,Managed Network,3500,2800,0,0,0,0,0
1/12/2024,2024,4,VIC,SMB,Broadband,14500,12250,2,3000,39,11,400
1/12/2024,2024,4,VIC,SMB,Mobile,8000,8750,0,0,0,0,0
1/12/2024,2024,4,VIC,SMB,Fibre,6500,7000,0,0,0,0,0
1/12/2024,2024,4,VIC,SMB,Cloud Connect,4000,4200,0,0,0,0,0
1/12/2024,2024,4,VIC,SMB,Managed Network,2500,2800,0,0,0,0,0
1/01/2023,2023,5,QLD,Government,Fibre,11500,15000,1,13700,41,11,300
1/01/2023,2023,5,QLD,Government,Managed Network,12000,15000,0,0,0,0,0
1/01/2023,2023,5,QLD,Government,Cloud Connect,8500,10000,0,0,0,0,0
1/01/2023,2023,5,QLD,Government,Broadband,4500,6000,0,0,0,0,0
1/01/2023,2023,5,QLD,Government,Mobile,3000,4000,0,0,0,0,0
1/02/2023,2023,5,QLD,Government,Fibre,11000,15000,2,15800,56,8,500
1/02/2023,2023,5,QLD,Government,Managed Network,11000,15000,0,0,0,0,0
1/02/2023,2023,5,QLD,Government,Cloud Connect,8000,10000,0,0,0,0,0
1/02/2023,2023,5,QLD,Government,Broadband,5000,6000,0,0,0,0,0
1/02/2023,2023,5,QLD,Government,Mobile,3000,4000,0,0,0,0,0
1/03/2023,2023,5,QLD,Government,Fibre,11500,15000,1,9100,60,7,200
1/03/2023,2023,5,QLD,Government,Managed Network,12000,15000,0,0,0,0,0
1/03/2023,2023,5,QLD,Government,Cloud Connect,7000,10000,0,0,0,0,0
1/03/2023,2023,5,QLD,Government,Broadband,4500,6000,0,0,0,0,0
1/03/2023,2023,5,QLD,Government,Mobile,3000,4000,0,0,0,0,0
1/04/2023,2023,5,QLD,Government,Fibre,13500,15000,0,0,41,10,300
1/04/2023,2023,5,QLD,Government,Managed Network,13000,15000,0,0,0,0,0
1/04/2023,2023,5,QLD,Government,Cloud Connect,8500,10000,0,0,0,0,0
1/04/2023,2023,5,QLD,Government,Broadband,6000,6000,0,0,0,0,0
1/04/2023,2023,5,QLD,Government,Mobile,3500,4000,0,0,0,0,0
1/05/2023,2023,5,QLD,Government,Fibre,12500,15000,2,21100,48,16,200
1/05/2023,2023,5,QLD,Government,Managed Network,11500,15000,0,0,0,0,0
1/05/2023,2023,5,QLD,Government,Cloud Connect,9500,10000,0,0,0,0,0
1/05/2023,2023,5,QLD,Government,Broadband,5500,6000,0,0,0,0,0
1/05/2023,2023,5,QLD,Government,Mobile,4000,4000,0,0,0,0,0
1/06/2023,2023,5,QLD,Government,Fibre,12000,15000,0,0,30,15,200
1/06/2023,2023,5,QLD,Government,Managed Network,15500,15000,0,0,0,0,0
1/06/2023,2023,5,QLD,Government,Cloud Connect,9000,10000,0,0,0,0,0
1/06/2023,2023,5,QLD,Government,Broadband,5000,6000,0,0,0,0,0
1/06/2023,2023,5,QLD,Government,Mobile,4000,4000,0,0,0,0,0
1/07/2023,2023,5,QLD,Government,Fibre,13500,15000,0,0,36,7,100
1/07/2023,2023,5,QLD,Government,Managed Network,14500,15000,0,0,0,0,0
1/07/2023,2023,5,QLD,Government,Cloud Connect,8000,10000,0,0,0,0,0
1/07/2023,2023,5,QLD,Government,Broadband,5000,6000,0,0,0,0,0
1/07/2023,2023,5,QLD,Government,Mobile,3000,4000,0,0,0,0,0
1/08/2023,2023,5,QLD,Government,Fibre,13500,15000,2,19500,21,4,400
1/08/2023,2023,5,QLD,Government,Managed Network,16000,15000,0,0,0,0,0
1/08/2023,2023,5,QLD,Government,Cloud Connect,10500,10000,0,0,0,0,0
1/08/2023,2023,5,QLD,Government,Broadband,5500,6000,0,0,0,0,0
1/08/2023,2023,5,QLD,Government,Mobile,4000,4000,0,0,0,0,0
1/09/2023,2023,5,QLD,Government,Fibre,18500,15000,1,3700,80,8,400
1/09/2023,2023,5,QLD,Government,Managed Network,18500,15000,0,0,0,0,0
1/09/2023,2023,5,QLD,Government,Cloud Connect,12500,10000,0,0,0,0,0
1/09/2023,2023,5,QLD,Government,Broadband,7500,6000,0,0,0,0,0
1/09/2023,2023,5,QLD,Government,Mobile,5000,4000,0,0,0,0,0
1/10/2023,2023,5,QLD,Government,Fibre,15500,15000,1,9400,54,10,100
1/10/2023,2023,5,QLD,Government,Managed Network,15500,15000,0,0,0,0,0
1/10/2023,2023,5,QLD,Government,Cloud Connect,10000,10000,0,0,0,0,0
1/10/2023,2023,5,QLD,Government,Broadband,6000,6000,0,0,0,0,0
1/10/2023,2023,5,QLD,Government,Mobile,3500,4000,0,0,0,0,0
1/11/2023,2023,5,QLD,Government,Fibre,18500,15000,1,6200,50,3,500
1/11/2023,2023,5,QLD,Government,Managed Network,18500,15000,0,0,0,0,0
1/11/2023,2023,5,QLD,Government,Cloud Connect,11000,10000,0,0,0,0,0
1/11/2023,2023,5,QLD,Government,Broadband,5500,6000,0,0,0,0,0
1/11/2023,2023,5,QLD,Government,Mobile,4500,4000,0,0,0,0,0
1/12/2023,2023,5,QLD,Government,Fibre,13500,15000,0,0,55,14,200
1/12/2023,2023,5,QLD,Government,Managed Network,14500,15000,0,0,0,0,0
1/12/2023,2023,5,QLD,Government,Cloud Connect,9000,10000,0,0,0,0,0
1/12/2023,2023,5,QLD,Government,Broadband,5000,6000,0,0,0,0,0
1/12/2023,2023,5,QLD,Government,Mobile,4000,4000,0,0,0,0,0
1/01/2024,2024,5,QLD,Government,Fibre,11000,15000,0,0,36,5,300
1/01/2024,2024,5,QLD,Government,Managed Network,10500,15000,0,0,0,0,0
1/01/2024,2024,5,QLD,Government,Cloud Connect,7500,10000,0,0,0,0,0
1/01/2024,2024,5,QLD,Government,Broadband,4500,6000,0,0,0,0,0
1/01/2024,2024,5,QLD,Government,Mobile,3000,4000,0,0,0,0,0
1/02/2024,2024,5,QLD,Government,Fibre,12500,15000,2,25000,37,16,200
1/02/2024,2024,5,QLD,Government,Managed Network,10000,15000,0,0,0,0,0
1/02/2024,2024,5,QLD,Government,Cloud Connect,7000,10000,0,0,0,0,0
1/02/2024,2024,5,QLD,Government,Broadband,4500,6000,0,0,0,0,0
1/02/2024,2024,5,QLD,Government,Mobile,3000,4000,0,0,0,0,0
1/03/2024,2024,5,QLD,Government,Fibre,10000,15000,1,4600,40,3,200
1/03/2024,2024,5,QLD,Government,Managed Network,12000,15000,0,0,0,0,0
1/03/2024,2024,5,QLD,Government,Cloud Connect,7000,10000,0,0,0,0,0
1/03/2024,2024,5,QLD,Government,Broadband,4000,6000,0,0,0,0,0
1/03/2024,2024,5,QLD,Government,Mobile,3000,4000,0,0,0,0,0
1/04/2024,2024,5,QLD,Government,Fibre,13000,15000,0,0,25,7,100
1/04/2024,2024,5,QLD,Government,Managed Network,12500,15000,0,0,0,0,0
1/04/2024,2024,5,QLD,Government,Cloud Connect,8000,10000,0,0,0,0,0
1/04/2024,2024,5,QLD,Government,Broadband,5500,6000,0,0,0,0,0
1/04/2024,2024,5,QLD,Government,Mobile,4000,4000,0,0,0,0,0
1/05/2024,2024,5,QLD,Government,Fibre,11000,15000,1,2800,73,7,100
1/05/2024,2024,5,QLD,Government,Managed Network,11500,15000,0,0,0,0,0
1/05/2024,2024,5,QLD,Government,Cloud Connect,8000,10000,0,0,0,0,0
1/05/2024,2024,5,QLD,Government,Broadband,4500,6000,0,0,0,0,0
1/05/2024,2024,5,QLD,Government,Mobile,3500,4000,0,0,0,0,0
1/06/2024,2024,5,QLD,Government,Fibre,14000,15000,0,0,27,10,300
1/06/2024,2024,5,QLD,Government,Managed Network,13000,15000,0,0,0,0,0
1/06/2024,2024,5,QLD,Government,Cloud Connect,9500,10000,0,0,0,0,0
1/06/2024,2024,5,QLD,Government,Broadband,4500,6000,0,0,0,0,0
1/06/2024,2024,5,QLD,Government,Mobile,3500,4000,0,0,0,0,0
1/07/2024,2024,5,QLD,Government,Fibre,14500,15000,2,14100,44,12,300
1/07/2024,2024,5,QLD,Government,Managed Network,17500,15000,0,0,0,0,0
1/07/2024,2024,5,QLD,Government,Cloud Connect,11500,10000,0,0,0,0,0
1/07/2024,2024,5,QLD,Government,Broadband,6500,6000,0,0,0,0,0
1/07/2024,2024,5,QLD,Government,Mobile,4000,4000,0,0,0,0,0
1/08/2024,2024,5,QLD,Government,Fibre,13000,15000,0,0,43,4,400
1/08/2024,2024,5,QLD,Government,Managed Network,12500,15000,0,0,0,0,0
1/08/2024,2024,5,QLD,Government,Cloud Connect,10000,10000,0,0,0,0,0
1/08/2024,2024,5,QLD,Government,Broadband,5500,6000,0,0,0,0,0
1/08/2024,2024,5,QLD,Government,Mobile,3500,4000,0,0,0,0,0
1/09/2024,2024,5,QLD,Government,Fibre,13000,15000,1,14400,35,3,100
1/09/2024,2024,5,QLD,Government,Managed Network,13000,15000,0,0,0,0,0
1/09/2024,2024,5,QLD,Government,Cloud Connect,9000,10000,0,0,0,0,0
1/09/2024,2024,5,QLD,Government,Broadband,4500,6000,0,0,0,0,0
1/09/2024,2024,5,QLD,Government,Mobile,3500,4000,0,0,0,0,0
1/10/2024,2024,5,QLD,Government,Fibre,15500,15000,0,0,63,13,500
1/10/2024,2024,5,QLD,Government,Managed Network,13000,15000,0,0,0,0,0
1/10/2024,2024,5,QLD,Government,Cloud Connect,10000,10000,0,0,0,0,0
1/10/2024,2024,5,QLD,Government,Broadband,6000,6000,0,0,0,0,0
1/10/2024,2024,5,QLD,Government,Mobile,4500,4000,0,0,0,0,0
1/11/2024,2024,5,QLD,Government,Fibre,14000,15000,1,10600,70,14,300
1/11/2024,2024,5,QLD,Government,Managed Network,11000,15000,0,0,0,0,0
1/11/2024,2024,5,QLD,Government,Cloud Connect,8500,10000,0,0,0,0,0
1/11/2024,2024,5,QLD,Government,Broadband,5500,6000,0,0,0,0,0
1/11/2024,2024,5,QLD,Government,Mobile,3000,4000,0,0,0,0,0
1/12/2024,2024,5,QLD,Government,Fibre,14000,15000,2,16700,64,18,200
1/12/2024,2024,5,QLD,Government,Managed Network,14000,15000,0,0,0,0,0
1/12/2024,2024,5,QLD,Government,Cloud Connect,8500,10000,0,0,0,0,0
1/12/2024,2024,5,QLD,Government,Broadband,5500,6000,0,0,0,0,0
1/12/2024,2024,5,QLD,Government,Mobile,4000,4000,0,0,0,0,0
1/01/2023,2023,6,QLD,Enterprise,Fibre,18500,20416.67,0,0,53,7,300
1/01/2023,2023,6,QLD,Enterprise,Managed Network,13000,14583.33,0,0,0,0,0
1/01/2023,2023,6,QLD,Enterprise,Cloud Connect,11000,11666.67,0,0,0,0,0
1/01/2023,2023,6,QLD,Enterprise,Broadband,5500,7000,0,0,0,0,0
1/01/2023,2023,6,QLD,Enterprise,Mobile,4500,4666.67,0,0,0,0,0
1/02/2023,2023,6,QLD,Enterprise,Fibre,18000,20416.67,0,0,59,14,500
1/02/2023,2023,6,QLD,Enterprise,Managed Network,12000,14583.33,0,0,0,0,0
1/02/2023,2023,6,QLD,Enterprise,Cloud Connect,8500,11666.67,0,0,0,0,0
1/02/2023,2023,6,QLD,Enterprise,Broadband,7000,7000,0,0,0,0,0
1/02/2023,2023,6,QLD,Enterprise,Mobile,4500,4666.67,0,0,0,0,0
1/03/2023,2023,6,QLD,Enterprise,Fibre,16500,20416.67,4,48600,46,13,200
1/03/2023,2023,6,QLD,Enterprise,Managed Network,14000,14583.33,0,0,0,0,0
1/03/2023,2023,6,QLD,Enterprise,Cloud Connect,9500,11666.67,0,0,0,0,0
1/03/2023,2023,6,QLD,Enterprise,Broadband,7500,7000,0,0,0,0,0
1/03/2023,2023,6,QLD,Enterprise,Mobile,4000,4666.67,0,0,0,0,0
1/04/2023,2023,6,QLD,Enterprise,Fibre,16000,20416.67,3,18000,56,15,400
1/04/2023,2023,6,QLD,Enterprise,Managed Network,12000,14583.33,0,0,0,0,0
1/04/2023,2023,6,QLD,Enterprise,Cloud Connect,9500,11666.67,0,0,0,0,0
1/04/2023,2023,6,QLD,Enterprise,Broadband,5000,7000,0,0,0,0,0
1/04/2023,2023,6,QLD,Enterprise,Mobile,3500,4666.67,0,0,0,0,0
1/05/2023,2023,6,QLD,Enterprise,Fibre,23500,20416.67,1,24000,51,5,300
1/05/2023,2023,6,QLD,Enterprise,Managed Network,13500,14583.33,0,0,0,0,0
1/05/2023,2023,6,QLD,Enterprise,Cloud Connect,12500,11666.67,0,0,0,0,0
1/05/2023,2023,6,QLD,Enterprise,Broadband,8500,7000,0,0,0,0,0
1/05/2023,2023,6,QLD,Enterprise,Mobile,5000,4666.67,0,0,0,0,0
1/06/2023,2023,6,QLD,Enterprise,Fibre,20000,20416.67,0,0,72,11,400
1/06/2023,2023,6,QLD,Enterprise,Managed Network,14500,14583.33,0,0,0,0,0
1/06/2023,2023,6,QLD,Enterprise,Cloud Connect,12500,11666.67,0,0,0,0,0
1/06/2023,2023,6,QLD,Enterprise,Broadband,9000,7000,0,0,0,0,0
1/06/2023,2023,6,QLD,Enterprise,Mobile,6000,4666.67,0,0,0,0,0
1/07/2023,2023,6,QLD,Enterprise,Fibre,19000,20416.67,4,47200,62,10,400
1/07/2023,2023,6,QLD,Enterprise,Managed Network,12000,14583.33,0,0,0,0,0
1/07/2023,2023,6,QLD,Enterprise,Cloud Connect,11500,11666.67,0,0,0,0,0
1/07/2023,2023,6,QLD,Enterprise,Broadband,6000,7000,0,0,0,0,0
1/07/2023,2023,6,QLD,Enterprise,Mobile,3500,4666.67,0,0,0,0,0
1/08/2023,2023,6,QLD,Enterprise,Fibre,23500,20416.67,3,46700,30,8,400
1/08/2023,2023,6,QLD,Enterprise,Managed Network,16500,14583.33,0,0,0,0,0
1/08/2023,2023,6,QLD,Enterprise,Cloud Connect,12500,11666.67,0,0,0,0,0
1/08/2023,2023,6,QLD,Enterprise,Broadband,9500,7000,0,0,0,0,0
1/08/2023,2023,6,QLD,Enterprise,Mobile,5500,4666.67,0,0,0,0,0
1/09/2023,2023,6,QLD,Enterprise,Fibre,20000,20416.67,4,55800,47,13,400
1/09/2023,2023,6,QLD,Enterprise,Managed Network,15500,14583.33,0,0,0,0,0
1/09/2023,2023,6,QLD,Enterprise,Cloud Connect,12000,11666.67,0,0,0,0,0
1/09/2023,2023,6,QLD,Enterprise,Broadband,7500,7000,0,0,0,0,0
1/09/2023,2023,6,QLD,Enterprise,Mobile,5500,4666.67,0,0,0,0,0
1/10/2023,2023,6,QLD,Enterprise,Fibre,21000,20416.67,3,21600,38,3,400
1/10/2023,2023,6,QLD,Enterprise,Managed Network,18500,14583.33,0,0,0,0,0
1/10/2023,2023,6,QLD,Enterprise,Cloud Connect,11500,11666.67,0,0,0,0,0
1/10/2023,2023,6,QLD,Enterprise,Broadband,9000,7000,0,0,0,0,0
1/10/2023,2023,6,QLD,Enterprise,Mobile,5000,4666.67,0,0,0,0,0
1/11/2023,2023,6,QLD,Enterprise,Fibre,22000,20416.67,2,39900,55,7,100
1/11/2023,2023,6,QLD,Enterprise,Managed Network,17500,14583.33,0,0,0,0,0
1/11/2023,2023,6,QLD,Enterprise,Cloud Connect,13000,11666.67,0,0,0,0,0
1/11/2023,2023,6,QLD,Enterprise,Broadband,8500,7000,0,0,0,0,0
1/11/2023,2023,6,QLD,Enterprise,Mobile,6000,4666.67,0,0,0,0,0
1/12/2023,2023,6,QLD,Enterprise,Fibre,25000,20416.67,0,0,56,15,400
1/12/2023,2023,6,QLD,Enterprise,Managed Network,17000,14583.33,0,0,0,0,0
1/12/2023,2023,6,QLD,Enterprise,Cloud Connect,13500,11666.67,0,0,0,0,0
1/12/2023,2023,6,QLD,Enterprise,Broadband,8500,7000,0,0,0,0,0
1/12/2023,2023,6,QLD,Enterprise,Mobile,4500,4666.67,0,0,0,0,0
1/01/2024,2024,6,QLD,Enterprise,Fibre,24500,20416.67,4,57600,22,15,100
1/01/2024,2024,6,QLD,Enterprise,Managed Network,18000,14583.33,0,0,0,0,0
1/01/2024,2024,6,QLD,Enterprise,Cloud Connect,12000,11666.67,0,0,0,0,0
1/01/2024,2024,6,QLD,Enterprise,Broadband,8500,7000,0,0,0,0,0
1/01/2024,2024,6,QLD,Enterprise,Mobile,5000,4666.67,0,0,0,0,0
1/02/2024,2024,6,QLD,Enterprise,Fibre,22500,20416.67,1,23900,74,3,400
1/02/2024,2024,6,QLD,Enterprise,Managed Network,14500,14583.33,0,0,0,0,0
1/02/2024,2024,6,QLD,Enterprise,Cloud Connect,11500,11666.67,0,0,0,0,0
1/02/2024,2024,6,QLD,Enterprise,Broadband,6000,7000,0,0,0,0,0
1/02/2024,2024,6,QLD,Enterprise,Mobile,5000,4666.67,0,0,0,0,0
1/03/2024,2024,6,QLD,Enterprise,Fibre,20000,20416.67,1,7500,23,15,300
1/03/2024,2024,6,QLD,Enterprise,Managed Network,13500,14583.33,0,0,0,0,0
1/03/2024,2024,6,QLD,Enterprise,Cloud Connect,9500,11666.67,0,0,0,0,0
1/03/2024,2024,6,QLD,Enterprise,Broadband,6000,7000,0,0,0,0,0
1/03/2024,2024,6,QLD,Enterprise,Mobile,4500,4666.67,0,0,0,0,0
1/04/2024,2024,6,QLD,Enterprise,Fibre,18000,20416.67,0,0,50,4,400
1/04/2024,2024,6,QLD,Enterprise,Managed Network,11500,14583.33,0,0,0,0,0
1/04/2024,2024,6,QLD,Enterprise,Cloud Connect,10500,11666.67,0,0,0,0,0
1/04/2024,2024,6,QLD,Enterprise,Broadband,7000,7000,0,0,0,0,0
1/04/2024,2024,6,QLD,Enterprise,Mobile,4000,4666.67,0,0,0,0,0
1/05/2024,2024,6,QLD,Enterprise,Fibre,20500,20416.67,1,18500,45,9,400
1/05/2024,2024,6,QLD,Enterprise,Managed Network,15500,14583.33,0,0,0,0,0
1/05/2024,2024,6,QLD,Enterprise,Cloud Connect,10500,11666.67,0,0,0,0,0
1/05/2024,2024,6,QLD,Enterprise,Broadband,6000,7000,0,0,0,0,0
1/05/2024,2024,6,QLD,Enterprise,Mobile,5000,4666.67,0,0,0,0,0
1/06/2024,2024,6,QLD,Enterprise,Fibre,21000,20416.67,0,0,27,16,300
1/06/2024,2024,6,QLD,Enterprise,Managed Network,14500,14583.33,0,0,0,0,0
1/06/2024,2024,6,QLD,Enterprise,Cloud Connect,12000,11666.67,0,0,0,0,0
1/06/2024,2024,6,QLD,Enterprise,Broadband,8000,7000,0,0,0,0,0
1/06/2024,2024,6,QLD,Enterprise,Mobile,5500,4666.67,0,0,0,0,0
1/07/2024,2024,6,QLD,Enterprise,Fibre,20500,20416.67,4,50400,22,10,200
1/07/2024,2024,6,QLD,Enterprise,Managed Network,12500,14583.33,0,0,0,0,0
1/07/2024,2024,6,QLD,Enterprise,Cloud Connect,12000,11666.67,0,0,0,0,0
1/07/2024,2024,6,QLD,Enterprise,Broadband,6000,7000,0,0,0,0,0
1/07/2024,2024,6,QLD,Enterprise,Mobile,5000,4666.67,0,0,0,0,0
1/08/2024,2024,6,QLD,Enterprise,Fibre,24500,20416.67,1,11900,20,13,500
1/08/2024,2024,6,QLD,Enterprise,Managed Network,15000,14583.33,0,0,0,0,0
1/08/2024,2024,6,QLD,Enterprise,Cloud Connect,12500,11666.67,0,0,0,0,0
1/08/2024,2024,6,QLD,Enterprise,Broadband,7000,7000,0,0,0,0,0
1/08/2024,2024,6,QLD,Enterprise,Mobile,5500,4666.67,0,0,0,0,0
1/09/2024,2024,6,QLD,Enterprise,Fibre,23000,20416.67,4,56200,66,7,500
1/09/2024,2024,6,QLD,Enterprise,Managed Network,13500,14583.33,0,0,0,0,0
1/09/2024,2024,6,QLD,Enterprise,Cloud Connect,13000,11666.67,0,0,0,0,0
1/09/2024,2024,6,QLD,Enterprise,Broadband,8000,7000,0,0,0,0,0
1/09/2024,2024,6,QLD,Enterprise,Mobile,4500,4666.67,0,0,0,0,0
1/10/2024,2024,6,QLD,Enterprise,Fibre,22000,20416.67,1,22700,37,4,300
1/10/2024,2024,6,QLD,Enterprise,Managed Network,12500,14583.33,0,0,0,0,0
1/10/2024,2024,6,QLD,Enterprise,Cloud Connect,11500,11666.67,0,0,0,0,0
1/10/2024,2024,6,QLD,Enterprise,Broadband,6500,7000,0,0,0,0,0
1/10/2024,2024,6,QLD,Enterprise,Mobile,5500,4666.67,0,0,0,0,0
1/11/2024,2024,6,QLD,Enterprise,Fibre,28000,20416.67,0,0,21,12,400
1/11/2024,2024,6,QLD,Enterprise,Managed Network,24000,14583.33,0,0,0,0,0
1/11/2024,2024,6,QLD,Enterprise,Cloud Connect,16500,11666.67,0,0,0,0,0
1/11/2024,2024,6,QLD,Enterprise,Broadband,10500,7000,0,0,0,0,0
1/11/2024,2024,6,QLD,Enterprise,Mobile,7500,4666.67,0,0,0,0,0
1/12/2024,2024,6,QLD,Enterprise,Fibre,24500,20416.67,4,41900,49,3,100
1/12/2024,2024,6,QLD,Enterprise,Managed Network,19000,14583.33,0,0,0,0,0
1/12/2024,2024,6,QLD,Enterprise,Cloud Connect,14500,11666.67,0,0,0,0,0
1/12/2024,2024,6,QLD,Enterprise,Broadband,9000,7000,0,0,0,0,0
1/12/2024,2024,6,QLD,Enterprise,Mobile,5500,4666.67,0,0,0,0,0
1/01/2023,2023,7,NSW,Government,Fibre,11000,13750,1,5400,52,11,100
1/01/2023,2023,7,NSW,Government,Managed Network,12000,13750,0,0,0,0,0
1/01/2023,2023,7,NSW,Government,Cloud Connect,8000,9166.67,0,0,0,0,0
1/01/2023,2023,7,NSW,Government,Broadband,4500,5500,0,0,0,0,0
1/01/2023,2023,7,NSW,Government,Mobile,2500,3666.67,0,0,0,0,0
1/02/2023,2023,7,NSW,Government,Fibre,12000,13750,0,0,29,13,300
1/02/2023,2023,7,NSW,Government,Managed Network,10000,13750,0,0,0,0,0
1/02/2023,2023,7,NSW,Government,Cloud Connect,7000,9166.67,0,0,0,0,0
1/02/2023,2023,7,NSW,Government,Broadband,5000,5500,0,0,0,0,0
1/02/2023,2023,7,NSW,Government,Mobile,3000,3666.67,0,0,0,0,0
1/03/2023,2023,7,NSW,Government,Fibre,14000,13750,1,5400,56,7,300
1/03/2023,2023,7,NSW,Government,Managed Network,14000,13750,0,0,0,0,0
1/03/2023,2023,7,NSW,Government,Cloud Connect,8000,9166.67,0,0,0,0,0
1/03/2023,2023,7,NSW,Government,Broadband,5000,5500,0,0,0,0,0
1/03/2023,2023,7,NSW,Government,Mobile,3000,3666.67,0,0,0,0,0
1/04/2023,2023,7,NSW,Government,Fibre,11500,13750,2,19400,75,7,300
1/04/2023,2023,7,NSW,Government,Managed Network,12500,13750,0,0,0,0,0
1/04/2023,2023,7,NSW,Government,Cloud Connect,8500,9166.67,0,0,0,0,0
1/04/2023,2023,7,NSW,Government,Broadband,4500,5500,0,0,0,0,0
1/04/2023,2023,7,NSW,Government,Mobile,3500,3666.67,0,0,0,0,0
1/05/2023,2023,7,NSW,Government,Fibre,16000,13750,0,0,40,5,400
1/05/2023,2023,7,NSW,Government,Managed Network,17000,13750,0,0,0,0,0
1/05/2023,2023,7,NSW,Government,Cloud Connect,9500,9166.67,0,0,0,0,0
1/05/2023,2023,7,NSW,Government,Broadband,7000,5500,0,0,0,0,0
1/05/2023,2023,7,NSW,Government,Mobile,4000,3666.67,0,0,0,0,0
1/06/2023,2023,7,NSW,Government,Fibre,12000,13750,1,8200,39,17,500
1/06/2023,2023,7,NSW,Government,Managed Network,11500,13750,0,0,0,0,0
1/06/2023,2023,7,NSW,Government,Cloud Connect,8000,9166.67,0,0,0,0,0
1/06/2023,2023,7,NSW,Government,Broadband,4000,5500,0,0,0,0,0
1/06/2023,2023,7,NSW,Government,Mobile,3000,3666.67,0,0,0,0,0
1/07/2023,2023,7,NSW,Government,Fibre,10500,13750,0,0,68,11,400
1/07/2023,2023,7,NSW,Government,Managed Network,9500,13750,0,0,0,0,0
1/07/2023,2023,7,NSW,Government,Cloud Connect,6500,9166.67,0,0,0,0,0
1/07/2023,2023,7,NSW,Government,Broadband,4500,5500,0,0,0,0,0
1/07/2023,2023,7,NSW,Government,Mobile,2500,3666.67,0,0,0,0,0
1/08/2023,2023,7,NSW,Government,Fibre,16500,13750,0,0,52,18,500
1/08/2023,2023,7,NSW,Government,Managed Network,14000,13750,0,0,0,0,0
1/08/2023,2023,7,NSW,Government,Cloud Connect,10000,9166.67,0,0,0,0,0
1/08/2023,2023,7,NSW,Government,Broadband,6000,5500,0,0,0,0,0
1/08/2023,2023,7,NSW,Government,Mobile,3500,3666.67,0,0,0,0,0
1/09/2023,2023,7,NSW,Government,Fibre,12000,13750,0,0,79,11,300
1/09/2023,2023,7,NSW,Government,Managed Network,14000,13750,0,0,0,0,0
1/09/2023,2023,7,NSW,Government,Cloud Connect,8000,9166.67,0,0,0,0,0
1/09/2023,2023,7,NSW,Government,Broadband,5000,5500,0,0,0,0,0
1/09/2023,2023,7,NSW,Government,Mobile,3000,3666.67,0,0,0,0,0
1/10/2023,2023,7,NSW,Government,Fibre,17500,13750,2,22300,40,17,200
1/10/2023,2023,7,NSW,Government,Managed Network,19000,13750,0,0,0,0,0
1/10/2023,2023,7,NSW,Government,Cloud Connect,12000,9166.67,0,0,0,0,0
1/10/2023,2023,7,NSW,Government,Broadband,8000,5500,0,0,0,0,0
1/10/2023,2023,7,NSW,Government,Mobile,5000,3666.67,0,0,0,0,0
1/11/2023,2023,7,NSW,Government,Fibre,14000,13750,2,20400,61,4,400
1/11/2023,2023,7,NSW,Government,Managed Network,15500,13750,0,0,0,0,0
1/11/2023,2023,7,NSW,Government,Cloud Connect,11500,9166.67,0,0,0,0,0
1/11/2023,2023,7,NSW,Government,Broadband,7000,5500,0,0,0,0,0
1/11/2023,2023,7,NSW,Government,Mobile,4000,3666.67,0,0,0,0,0
1/12/2023,2023,7,NSW,Government,Fibre,13000,13750,2,17800,68,4,200
1/12/2023,2023,7,NSW,Government,Managed Network,13500,13750,0,0,0,0,0
1/12/2023,2023,7,NSW,Government,Cloud Connect,9000,9166.67,0,0,0,0,0
1/12/2023,2023,7,NSW,Government,Broadband,6000,5500,0,0,0,0,0
1/12/2023,2023,7,NSW,Government,Mobile,3500,3666.67,0,0,0,0,0
1/01/2024,2024,7,NSW,Government,Fibre,12000,13750,0,0,64,7,300
1/01/2024,2024,7,NSW,Government,Managed Network,11000,13750,0,0,0,0,0
1/01/2024,2024,7,NSW,Government,Cloud Connect,8000,9166.67,0,0,0,0,0
1/01/2024,2024,7,NSW,Government,Broadband,4000,5500,0,0,0,0,0
1/01/2024,2024,7,NSW,Government,Mobile,3000,3666.67,0,0,0,0,0
1/02/2024,2024,7,NSW,Government,Fibre,14500,13750,0,0,45,16,300
1/02/2024,2024,7,NSW,Government,Managed Network,13500,13750,0,0,0,0,0
1/02/2024,2024,7,NSW,Government,Cloud Connect,10000,9166.67,0,0,0,0,0
1/02/2024,2024,7,NSW,Government,Broadband,6500,5500,0,0,0,0,0
1/02/2024,2024,7,NSW,Government,Mobile,3500,3666.67,0,0,0,0,0
1/03/2024,2024,7,NSW,Government,Fibre,12000,13750,1,12800,61,8,500
1/03/2024,2024,7,NSW,Government,Managed Network,10000,13750,0,0,0,0,0
1/03/2024,2024,7,NSW,Government,Cloud Connect,8000,9166.67,0,0,0,0,0
1/03/2024,2024,7,NSW,Government,Broadband,4500,5500,0,0,0,0,0
1/03/2024,2024,7,NSW,Government,Mobile,2500,3666.67,0,0,0,0,0
1/04/2024,2024,7,NSW,Government,Fibre,16000,13750,2,11800,55,15,100
1/04/2024,2024,7,NSW,Government,Managed Network,16500,13750,0,0,0,0,0
1/04/2024,2024,7,NSW,Government,Cloud Connect,10000,9166.67,0,0,0,0,0
1/04/2024,2024,7,NSW,Government,Broadband,6000,5500,0,0,0,0,0
1/04/2024,2024,7,NSW,Government,Mobile,3500,3666.67,0,0,0,0,0
1/05/2024,2024,7,NSW,Government,Fibre,15500,13750,2,10700,39,12,500
1/05/2024,2024,7,NSW,Government,Managed Network,14000,13750,0,0,0,0,0
1/05/2024,2024,7,NSW,Government,Cloud Connect,10000,9166.67,0,0,0,0,0
1/05/2024,2024,7,NSW,Government,Broadband,5000,5500,0,0,0,0,0
1/05/2024,2024,7,NSW,Government,Mobile,3500,3666.67,0,0,0,0,0
1/06/2024,2024,7,NSW,Government,Fibre,12500,13750,1,1700,49,18,400
1/06/2024,2024,7,NSW,Government,Managed Network,10500,13750,0,0,0,0,0
1/06/2024,2024,7,NSW,Government,Cloud Connect,9000,9166.67,0,0,0,0,0
1/06/2024,2024,7,NSW,Government,Broadband,4500,5500,0,0,0,0,0
1/06/2024,2024,7,NSW,Government,Mobile,3500,3666.67,0,0,0,0,0
1/07/2024,2024,7,NSW,Government,Fibre,15500,13750,1,2800,58,3,200
1/07/2024,2024,7,NSW,Government,Managed Network,13000,13750,0,0,0,0,0
1/07/2024,2024,7,NSW,Government,Cloud Connect,9500,9166.67,0,0,0,0,0
1/07/2024,2024,7,NSW,Government,Broadband,6000,5500,0,0,0,0,0
1/07/2024,2024,7,NSW,Government,Mobile,3500,3666.67,0,0,0,0,0
1/08/2024,2024,7,NSW,Government,Fibre,11000,13750,2,9300,29,4,400
1/08/2024,2024,7,NSW,Government,Managed Network,11500,13750,0,0,0,0,0
1/08/2024,2024,7,NSW,Government,Cloud Connect,7000,9166.67,0,0,0,0,0
1/08/2024,2024,7,NSW,Government,Broadband,4000,5500,0,0,0,0,0
1/08/2024,2024,7,NSW,Government,Mobile,2500,3666.67,0,0,0,0,0
1/09/2024,2024,7,NSW,Government,Fibre,17000,13750,2,17700,62,8,300
1/09/2024,2024,7,NSW,Government,Managed Network,15000,13750,0,0,0,0,0
1/09/2024,2024,7,NSW,Government,Cloud Connect,9000,9166.67,0,0,0,0,0
1/09/2024,2024,7,NSW,Government,Broadband,7000,5500,0,0,0,0,0
1/09/2024,2024,7,NSW,Government,Mobile,4000,3666.67,0,0,0,0,0
1/10/2024,2024,7,NSW,Government,Fibre,15500,13750,1,15300,55,5,200
1/10/2024,2024,7,NSW,Government,Managed Network,14000,13750,0,0,0,0,0
1/10/2024,2024,7,NSW,Government,Cloud Connect,11500,9166.67,0,0,0,0,0
1/10/2024,2024,7,NSW,Government,Broadband,6000,5500,0,0,0,0,0
1/10/2024,2024,7,NSW,Government,Mobile,4000,3666.67,0,0,0,0,0
1/11/2024,2024,7,NSW,Government,Fibre,14000,13750,2,5800,56,5,300
1/11/2024,2024,7,NSW,Government,Managed Network,13500,13750,0,0,0,0,0
1/11/2024,2024,7,NSW,Government,Cloud Connect,9500,9166.67,0,0,0,0,0
1/11/2024,2024,7,NSW,Government,Broadband,5500,5500,0,0,0,0,0
1/11/2024,2024,7,NSW,Government,Mobile,3500,3666.67,0,0,0,0,0
1/12/2024,2024,7,NSW,Government,Fibre,17500,13750,2,22600,42,7,400
1/12/2024,2024,7,NSW,Government,Managed Network,17000,13750,0,0,0,0,0
1/12/2024,2024,7,NSW,Government,Cloud Connect,11500,9166.67,0,0,0,0,0
1/12/2024,2024,7,NSW,Government,Broadband,7000,5500,0,0,0,0,0
1/12/2024,2024,7,NSW,Government,Mobile,4000,3666.67,0,0,0,0,0
1/01/2023,2023,8,WA,SMB,Broadband,11000,11375,0,0,27,3,300
1/01/2023,2023,8,WA,SMB,Mobile,6500,8125,0,0,0,0,0
1/01/2023,2023,8,WA,SMB,Fibre,6500,6500,0,0,0,0,0
1/01/2023,2023,8,WA,SMB,Cloud Connect,4000,3900,0,0,0,0,0
1/01/2023,2023,8,WA,SMB,Managed Network,3000,2600,0,0,0,0,0
1/02/2023,2023,8,WA,SMB,Broadband,11000,11375,2,3100,60,9,100
1/02/2023,2023,8,WA,SMB,Mobile,8000,8125,0,0,0,0,0
1/02/2023,2023,8,WA,SMB,Fibre,5500,6500,0,0,0,0,0
1/02/2023,2023,8,WA,SMB,Cloud Connect,3000,3900,0,0,0,0,0
1/02/2023,2023,8,WA,SMB,Managed Network,2000,2600,0,0,0,0,0
1/03/2023,2023,8,WA,SMB,Broadband,12000,11375,0,0,27,13,300
1/03/2023,2023,8,WA,SMB,Mobile,9000,8125,0,0,0,0,0
1/03/2023,2023,8,WA,SMB,Fibre,8000,6500,0,0,0,0,0
1/03/2023,2023,8,WA,SMB,Cloud Connect,5000,3900,0,0,0,0,0
1/03/2023,2023,8,WA,SMB,Managed Network,2500,2600,0,0,0,0,0
1/04/2023,2023,8,WA,SMB,Broadband,13500,11375,3,3300,61,7,300
1/04/2023,2023,8,WA,SMB,Mobile,10500,8125,0,0,0,0,0
1/04/2023,2023,8,WA,SMB,Fibre,9500,6500,0,0,0,0,0
1/04/2023,2023,8,WA,SMB,Cloud Connect,5500,3900,0,0,0,0,0
1/04/2023,2023,8,WA,SMB,Managed Network,3500,2600,0,0,0,0,0
1/05/2023,2023,8,WA,SMB,Broadband,16000,11375,0,0,73,12,400
1/05/2023,2023,8,WA,SMB,Mobile,10000,8125,0,0,0,0,0
1/05/2023,2023,8,WA,SMB,Fibre,8500,6500,0,0,0,0,0
1/05/2023,2023,8,WA,SMB,Cloud Connect,4500,3900,0,0,0,0,0
1/05/2023,2023,8,WA,SMB,Managed Network,3500,2600,0,0,0,0,0
1/06/2023,2023,8,WA,SMB,Broadband,17500,11375,2,800,37,3,300
1/06/2023,2023,8,WA,SMB,Mobile,11500,8125,0,0,0,0,0
1/06/2023,2023,8,WA,SMB,Fibre,9500,6500,0,0,0,0,0
1/06/2023,2023,8,WA,SMB,Cloud Connect,5500,3900,0,0,0,0,0
1/06/2023,2023,8,WA,SMB,Managed Network,3500,2600,0,0,0,0,0
1/07/2023,2023,8,WA,SMB,Broadband,14000,11375,2,3600,40,4,200
1/07/2023,2023,8,WA,SMB,Mobile,10000,8125,0,0,0,0,0
1/07/2023,2023,8,WA,SMB,Fibre,7500,6500,0,0,0,0,0
1/07/2023,2023,8,WA,SMB,Cloud Connect,5000,3900,0,0,0,0,0
1/07/2023,2023,8,WA,SMB,Managed Network,3500,2600,0,0,0,0,0
1/08/2023,2023,8,WA,SMB,Broadband,10000,11375,1,400,43,4,500
1/08/2023,2023,8,WA,SMB,Mobile,7000,8125,0,0,0,0,0
1/08/2023,2023,8,WA,SMB,Fibre,6500,6500,0,0,0,0,0
1/08/2023,2023,8,WA,SMB,Cloud Connect,4000,3900,0,0,0,0,0
1/08/2023,2023,8,WA,SMB,Managed Network,3000,2600,0,0,0,0,0
1/09/2023,2023,8,WA,SMB,Broadband,12000,11375,3,5000,39,13,200
1/09/2023,2023,8,WA,SMB,Mobile,7000,8125,0,0,0,0,0
1/09/2023,2023,8,WA,SMB,Fibre,7500,6500,0,0,0,0,0
1/09/2023,2023,8,WA,SMB,Cloud Connect,4000,3900,0,0,0,0,0
1/09/2023,2023,8,WA,SMB,Managed Network,3000,2600,0,0,0,0,0
1/10/2023,2023,8,WA,SMB,Broadband,10500,11375,3,4700,53,6,100
1/10/2023,2023,8,WA,SMB,Mobile,7000,8125,0,0,0,0,0
1/10/2023,2023,8,WA,SMB,Fibre,7000,6500,0,0,0,0,0
1/10/2023,2023,8,WA,SMB,Cloud Connect,4000,3900,0,0,0,0,0
1/10/2023,2023,8,WA,SMB,Managed Network,2500,2600,0,0,0,0,0
1/11/2023,2023,8,WA,SMB,Broadband,17000,11375,4,5800,21,12,400
1/11/2023,2023,8,WA,SMB,Mobile,10500,8125,0,0,0,0,0
1/11/2023,2023,8,WA,SMB,Fibre,8000,6500,0,0,0,0,0
1/11/2023,2023,8,WA,SMB,Cloud Connect,5000,3900,0,0,0,0,0
1/11/2023,2023,8,WA,SMB,Managed Network,3500,2600,0,0,0,0,0
1/12/2023,2023,8,WA,SMB,Broadband,14500,11375,2,1000,37,6,100
1/12/2023,2023,8,WA,SMB,Mobile,9500,8125,0,0,0,0,0
1/12/2023,2023,8,WA,SMB,Fibre,6500,6500,0,0,0,0,0
1/12/2023,2023,8,WA,SMB,Cloud Connect,4500,3900,0,0,0,0,0
1/12/2023,2023,8,WA,SMB,Managed Network,3000,2600,0,0,0,0,0
1/01/2024,2024,8,WA,SMB,Broadband,9000,11375,4,2400,59,13,400
1/01/2024,2024,8,WA,SMB,Mobile,6000,8125,0,0,0,0,0
1/01/2024,2024,8,WA,SMB,Fibre,5000,6500,0,0,0,0,0
1/01/2024,2024,8,WA,SMB,Cloud Connect,3500,3900,0,0,0,0,0
1/01/2024,2024,8,WA,SMB,Managed Network,2000,2600,0,0,0,0,0
1/02/2024,2024,8,WA,SMB,Broadband,9000,11375,3,3600,77,17,400
1/02/2024,2024,8,WA,SMB,Mobile,6500,8125,0,0,0,0,0
1/02/2024,2024,8,WA,SMB,Fibre,5000,6500,0,0,0,0,0
1/02/2024,2024,8,WA,SMB,Cloud Connect,3500,3900,0,0,0,0,0
1/02/2024,2024,8,WA,SMB,Managed Network,2500,2600,0,0,0,0,0
1/03/2024,2024,8,WA,SMB,Broadband,9500,11375,4,4600,78,17,100
1/03/2024,2024,8,WA,SMB,Mobile,7500,8125,0,0,0,0,0
1/03/2024,2024,8,WA,SMB,Fibre,6000,6500,0,0,0,0,0
1/03/2024,2024,8,WA,SMB,Cloud Connect,3500,3900,0,0,0,0,0
1/03/2024,2024,8,WA,SMB,Managed Network,2000,2600,0,0,0,0,0
1/04/2024,2024,8,WA,SMB,Broadband,11000,11375,2,1900,31,13,300
1/04/2024,2024,8,WA,SMB,Mobile,7000,8125,0,0,0,0,0
1/04/2024,2024,8,WA,SMB,Fibre,6500,6500,0,0,0,0,0
1/04/2024,2024,8,WA,SMB,Cloud Connect,3500,3900,0,0,0,0,0
1/04/2024,2024,8,WA,SMB,Managed Network,2500,2600,0,0,0,0,0
1/05/2024,2024,8,WA,SMB,Broadband,10500,11375,4,3500,45,6,300
1/05/2024,2024,8,WA,SMB,Mobile,6500,8125,0,0,0,0,0
1/05/2024,2024,8,WA,SMB,Fibre,5500,6500,0,0,0,0,0
1/05/2024,2024,8,WA,SMB,Cloud Connect,3500,3900,0,0,0,0,0
1/05/2024,2024,8,WA,SMB,Managed Network,2500,2600,0,0,0,0,0
1/06/2024,2024,8,WA,SMB,Broadband,11000,11375,4,3000,41,9,500
1/06/2024,2024,8,WA,SMB,Mobile,8500,8125,0,0,0,0,0
1/06/2024,2024,8,WA,SMB,Fibre,6000,6500,0,0,0,0,0
1/06/2024,2024,8,WA,SMB,Cloud Connect,4000,3900,0,0,0,0,0
1/06/2024,2024,8,WA,SMB,Managed Network,2500,2600,0,0,0,0,0
1/07/2024,2024,8,WA,SMB,Broadband,12500,11375,0,0,67,18,200
1/07/2024,2024,8,WA,SMB,Mobile,8500,8125,0,0,0,0,0
1/07/2024,2024,8,WA,SMB,Fibre,7000,6500,0,0,0,0,0
1/07/2024,2024,8,WA,SMB,Cloud Connect,4500,3900,0,0,0,0,0
1/07/2024,2024,8,WA,SMB,Managed Network,2500,2600,0,0,0,0,0
1/08/2024,2024,8,WA,SMB,Broadband,14000,11375,4,5300,69,15,300
1/08/2024,2024,8,WA,SMB,Mobile,10500,8125,0,0,0,0,0
1/08/2024,2024,8,WA,SMB,Fibre,7000,6500,0,0,0,0,0
1/08/2024,2024,8,WA,SMB,Cloud Connect,5500,3900,0,0,0,0,0
1/08/2024,2024,8,WA,SMB,Managed Network,3500,2600,0,0,0,0,0
1/09/2024,2024,8,WA,SMB,Broadband,13000,11375,1,1600,29,17,400
1/09/2024,2024,8,WA,SMB,Mobile,10000,8125,0,0,0,0,0
1/09/2024,2024,8,WA,SMB,Fibre,8000,6500,0,0,0,0,0
1/09/2024,2024,8,WA,SMB,Cloud Connect,4500,3900,0,0,0,0,0
1/09/2024,2024,8,WA,SMB,Managed Network,3500,2600,0,0,0,0,0
1/10/2024,2024,8,WA,SMB,Broadband,14000,11375,2,2800,78,14,100
1/10/2024,2024,8,WA,SMB,Mobile,10000,8125,0,0,0,0,0
1/10/2024,2024,8,WA,SMB,Fibre,8000,6500,0,0,0,0,0
1/10/2024,2024,8,WA,SMB,Cloud Connect,5000,3900,0,0,0,0,0
1/10/2024,2024,8,WA,SMB,Managed Network,3500,2600,0,0,0,0,0
1/11/2024,2024,8,WA,SMB,Broadband,13500,11375,0,0,20,14,200
1/11/2024,2024,8,WA,SMB,Mobile,9500,8125,0,0,0,0,0
1/11/2024,2024,8,WA,SMB,Fibre,6500,6500,0,0,0,0,0
1/11/2024,2024,8,WA,SMB,Cloud Connect,4500,3900,0,0,0,0,0
1/11/2024,2024,8,WA,SMB,Managed Network,2500,2600,0,0,0,0,0
1/12/2024,2024,8,WA,SMB,Broadband,11500,11375,3,3400,33,8,300
1/12/2024,2024,8,WA,SMB,Mobile,9500,8125,0,0,0,0,0
1/12/2024,2024,8,WA,SMB,Fibre,8500,6500,0,0,0,0,0
1/12/2024,2024,8,WA,SMB,Cloud Connect,4500,3900,0,0,0,0,0
1/12/2024,2024,8,WA,SMB,Managed Network,3000,2600,0,0,0,0,0
1/01/2023,2023,9,SA,Enterprise,Fibre,17500,19833.33,1,2900,24,3,200
1/01/2023,2023,9,SA,Enterprise,Managed Network,11500,14166.67,0,0,0,0,0
1/01/2023,2023,9,SA,Enterprise,Cloud Connect,9000,11333.33,0,0,0,0,0
1/01/2023,2023,9,SA,Enterprise,Broadband,6500,6800,0,0,0,0,0
1/01/2023,2023,9,SA,Enterprise,Mobile,3500,4533.33,0,0,0,0,0
1/02/2023,2023,9,SA,Enterprise,Fibre,17000,19833.33,3,45000,31,17,400
1/02/2023,2023,9,SA,Enterprise,Managed Network,13500,14166.67,0,0,0,0,0
1/02/2023,2023,9,SA,Enterprise,Cloud Connect,9500,11333.33,0,0,0,0,0
1/02/2023,2023,9,SA,Enterprise,Broadband,5500,6800,0,0,0,0,0
1/02/2023,2023,9,SA,Enterprise,Mobile,4000,4533.33,0,0,0,0,0
1/03/2023,2023,9,SA,Enterprise,Fibre,14000,19833.33,1,18900,37,16,400
1/03/2023,2023,9,SA,Enterprise,Managed Network,8500,14166.67,0,0,0,0,0
1/03/2023,2023,9,SA,Enterprise,Cloud Connect,6500,11333.33,0,0,0,0,0
1/03/2023,2023,9,SA,Enterprise,Broadband,4500,6800,0,0,0,0,0
1/03/2023,2023,9,SA,Enterprise,Mobile,3000,4533.33,0,0,0,0,0
1/04/2023,2023,9,SA,Enterprise,Fibre,17000,19833.33,1,19700,74,11,300
1/04/2023,2023,9,SA,Enterprise,Managed Network,12000,14166.67,0,0,0,0,0
1/04/2023,2023,9,SA,Enterprise,Cloud Connect,10000,11333.33,0,0,0,0,0
1/04/2023,2023,9,SA,Enterprise,Broadband,5500,6800,0,0,0,0,0
1/04/2023,2023,9,SA,Enterprise,Mobile,4000,4533.33,0,0,0,0,0
1/05/2023,2023,9,SA,Enterprise,Fibre,18500,19833.33,0,0,63,12,400
1/05/2023,2023,9,SA,Enterprise,Managed Network,14500,14166.67,0,0,0,0,0
1/05/2023,2023,9,SA,Enterprise,Cloud Connect,13000,11333.33,0,0,0,0,0
1/05/2023,2023,9,SA,Enterprise,Broadband,7000,6800,0,0,0,0,0
1/05/2023,2023,9,SA,Enterprise,Mobile,5000,4533.33,0,0,0,0,0
1/06/2023,2023,9,SA,Enterprise,Fibre,20500,19833.33,3,38300,30,4,500
1/06/2023,2023,9,SA,Enterprise,Managed Network,14000,14166.67,0,0,0,0,0
1/06/2023,2023,9,SA,Enterprise,Cloud Connect,11000,11333.33,0,0,0,0,0
1/06/2023,2023,9,SA,Enterprise,Broadband,6500,6800,0,0,0,0,0
1/06/2023,2023,9,SA,Enterprise,Mobile,3500,4533.33,0,0,0,0,0
1/07/2023,2023,9,SA,Enterprise,Fibre,15500,19833.33,4,45000,21,12,300
1/07/2023,2023,9,SA,Enterprise,Managed Network,12500,14166.67,0,0,0,0,0
1/07/2023,2023,9,SA,Enterprise,Cloud Connect,11000,11333.33,0,0,0,0,0
1/07/2023,2023,9,SA,Enterprise,Broadband,5500,6800,0,0,0,0,0
1/07/2023,2023,9,SA,Enterprise,Mobile,3500,4533.33,0,0,0,0,0
1/08/2023,2023,9,SA,Enterprise,Fibre,15500,19833.33,0,0,67,6,400
1/08/2023,2023,9,SA,Enterprise,Managed Network,12500,14166.67,0,0,0,0,0
1/08/2023,2023,9,SA,Enterprise,Cloud Connect,9000,11333.33,0,0,0,0,0
1/08/2023,2023,9,SA,Enterprise,Broadband,6000,6800,0,0,0,0,0
1/08/2023,2023,9,SA,Enterprise,Mobile,4500,4533.33,0,0,0,0,0
1/09/2023,2023,9,SA,Enterprise,Fibre,17500,19833.33,3,31800,41,5,200
1/09/2023,2023,9,SA,Enterprise,Managed Network,13500,14166.67,0,0,0,0,0
1/09/2023,2023,9,SA,Enterprise,Cloud Connect,11000,11333.33,0,0,0,0,0
1/09/2023,2023,9,SA,Enterprise,Broadband,6500,6800,0,0,0,0,0
1/09/2023,2023,9,SA,Enterprise,Mobile,4000,4533.33,0,0,0,0,0
1/10/2023,2023,9,SA,Enterprise,Fibre,22500,19833.33,3,40800,56,14,100
1/10/2023,2023,9,SA,Enterprise,Managed Network,16500,14166.67,0,0,0,0,0
1/10/2023,2023,9,SA,Enterprise,Cloud Connect,11000,11333.33,0,0,0,0,0
1/10/2023,2023,9,SA,Enterprise,Broadband,6500,6800,0,0,0,0,0
1/10/2023,2023,9,SA,Enterprise,Mobile,4500,4533.33,0,0,0,0,0
1/11/2023,2023,9,SA,Enterprise,Fibre,19000,19833.33,1,14900,63,15,300
1/11/2023,2023,9,SA,Enterprise,Managed Network,15000,14166.67,0,0,0,0,0
1/11/2023,2023,9,SA,Enterprise,Cloud Connect,11500,11333.33,0,0,0,0,0
1/11/2023,2023,9,SA,Enterprise,Broadband,6500,6800,0,0,0,0,0
1/11/2023,2023,9,SA,Enterprise,Mobile,5000,4533.33,0,0,0,0,0
1/12/2023,2023,9,SA,Enterprise,Fibre,21000,19833.33,4,51800,60,14,300
1/12/2023,2023,9,SA,Enterprise,Managed Network,15000,14166.67,0,0,0,0,0
1/12/2023,2023,9,SA,Enterprise,Cloud Connect,10500,11333.33,0,0,0,0,0
1/12/2023,2023,9,SA,Enterprise,Broadband,6500,6800,0,0,0,0,0
1/12/2023,2023,9,SA,Enterprise,Mobile,5000,4533.33,0,0,0,0,0
1/01/2024,2024,9,SA,Enterprise,Fibre,13500,19833.33,3,36000,66,9,400
1/01/2024,2024,9,SA,Enterprise,Managed Network,10500,14166.67,0,0,0,0,0
1/01/2024,2024,9,SA,Enterprise,Cloud Connect,7000,11333.33,0,0,0,0,0
1/01/2024,2024,9,SA,Enterprise,Broadband,5000,6800,0,0,0,0,0
1/01/2024,2024,9,SA,Enterprise,Mobile,3500,4533.33,0,0,0,0,0
1/02/2024,2024,9,SA,Enterprise,Fibre,15000,19833.33,3,31300,63,17,300
1/02/2024,2024,9,SA,Enterprise,Managed Network,11000,14166.67,0,0,0,0,0
1/02/2024,2024,9,SA,Enterprise,Cloud Connect,8500,11333.33,0,0,0,0,0
1/02/2024,2024,9,SA,Enterprise,Broadband,5000,6800,0,0,0,0,0
1/02/2024,2024,9,SA,Enterprise,Mobile,3500,4533.33,0,0,0,0,0
1/03/2024,2024,9,SA,Enterprise,Fibre,24500,19833.33,1,22100,60,6,500
1/03/2024,2024,9,SA,Enterprise,Managed Network,13500,14166.67,0,0,0,0,0
1/03/2024,2024,9,SA,Enterprise,Cloud Connect,12500,11333.33,0,0,0,0,0
1/03/2024,2024,9,SA,Enterprise,Broadband,7000,6800,0,0,0,0,0
1/03/2024,2024,9,SA,Enterprise,Mobile,5500,4533.33,0,0,0,0,0
1/04/2024,2024,9,SA,Enterprise,Fibre,17000,19833.33,0,0,64,8,200
1/04/2024,2024,9,SA,Enterprise,Managed Network,13500,14166.67,0,0,0,0,0
1/04/2024,2024,9,SA,Enterprise,Cloud Connect,9000,11333.33,0,0,0,0,0
1/04/2024,2024,9,SA,Enterprise,Broadband,6000,6800,0,0,0,0,0
1/04/2024,2024,9,SA,Enterprise,Mobile,4500,4533.33,0,0,0,0,0
1/05/2024,2024,9,SA,Enterprise,Fibre,24000,19833.33,2,18700,69,5,200
1/05/2024,2024,9,SA,Enterprise,Managed Network,15000,14166.67,0,0,0,0,0
1/05/2024,2024,9,SA,Enterprise,Cloud Connect,12000,11333.33,0,0,0,0,0
1/05/2024,2024,9,SA,Enterprise,Broadband,6500,6800,0,0,0,0,0
1/05/2024,2024,9,SA,Enterprise,Mobile,5500,4533.33,0,0,0,0,0
1/06/2024,2024,9,SA,Enterprise,Fibre,17000,19833.33,0,0,51,9,400
1/06/2024,2024,9,SA,Enterprise,Managed Network,13000,14166.67,0,0,0,0,0
1/06/2024,2024,9,SA,Enterprise,Cloud Connect,9000,11333.33,0,0,0,0,0
1/06/2024,2024,9,SA,Enterprise,Broadband,6000,6800,0,0,0,0,0
1/06/2024,2024,9,SA,Enterprise,Mobile,4000,4533.33,0,0,0,0,0
1/07/2024,2024,9,SA,Enterprise,Fibre,19500,19833.33,3,20500,24,5,400
1/07/2024,2024,9,SA,Enterprise,Managed Network,14000,14166.67,0,0,0,0,0
1/07/2024,2024,9,SA,Enterprise,Cloud Connect,9000,11333.33,0,0,0,0,0
1/07/2024,2024,9,SA,Enterprise,Broadband,6000,6800,0,0,0,0,0
1/07/2024,2024,9,SA,Enterprise,Mobile,4500,4533.33,0,0,0,0,0
1/08/2024,2024,9,SA,Enterprise,Fibre,12000,19833.33,3,32000,77,15,400
1/08/2024,2024,9,SA,Enterprise,Managed Network,10500,14166.67,0,0,0,0,0
1/08/2024,2024,9,SA,Enterprise,Cloud Connect,8500,11333.33,0,0,0,0,0
1/08/2024,2024,9,SA,Enterprise,Broadband,5000,6800,0,0,0,0,0
1/08/2024,2024,9,SA,Enterprise,Mobile,3000,4533.33,0,0,0,0,0
1/09/2024,2024,9,SA,Enterprise,Fibre,20500,19833.33,4,45900,27,14,300
1/09/2024,2024,9,SA,Enterprise,Managed Network,13500,14166.67,0,0,0,0,0
1/09/2024,2024,9,SA,Enterprise,Cloud Connect,11500,11333.33,0,0,0,0,0
1/09/2024,2024,9,SA,Enterprise,Broadband,7500,6800,0,0,0,0,0
1/09/2024,2024,9,SA,Enterprise,Mobile,4000,4533.33,0,0,0,0,0
1/10/2024,2024,9,SA,Enterprise,Fibre,22000,19833.33,0,0,73,17,500
1/10/2024,2024,9,SA,Enterprise,Managed Network,15500,14166.67,0,0,0,0,0
1/10/2024,2024,9,SA,Enterprise,Cloud Connect,10500,11333.33,0,0,0,0,0
1/10/2024,2024,9,SA,Enterprise,Broadband,6000,6800,0,0,0,0,0
1/10/2024,2024,9,SA,Enterprise,Mobile,4500,4533.33,0,0,0,0,0
1/11/2024,2024,9,SA,Enterprise,Fibre,16500,19833.33,0,0,60,14,300
1/11/2024,2024,9,SA,Enterprise,Managed Network,14000,14166.67,0,0,0,0,0
1/11/2024,2024,9,SA,Enterprise,Cloud Connect,11500,11333.33,0,0,0,0,0
1/11/2024,2024,9,SA,Enterprise,Broadband,5500,6800,0,0,0,0,0
1/11/2024,2024,9,SA,Enterprise,Mobile,4000,4533.33,0,0,0,0,0
1/12/2024,2024,9,SA,Enterprise,Fibre,25500,19833.33,1,18500,44,5,400
1/12/2024,2024,9,SA,Enterprise,Managed Network,17500,14166.67,0,0,0,0,0
1/12/2024,2024,9,SA,Enterprise,Cloud Connect,16000,11333.33,0,0,0,0,0
1/12/2024,2024,9,SA,Enterprise,Broadband,9000,6800,0,0,0,0,0
1/12/2024,2024,9,SA,Enterprise,Mobile,6500,4533.33,0,0,0,0,0
1/01/2023,2023,10,NSW,SMB,Broadband,8500,12833.33,0,0,45,6,200
1/01/2023,2023,10,NSW,SMB,Mobile,6000,9166.67,0,0,0,0,0
1/01/2023,2023,10,NSW,SMB,Fibre,4500,7333.33,0,0,0,0,0
1/01/2023,2023,10,NSW,SMB,Cloud Connect,3000,4400,0,0,0,0,0
1/01/2023,2023,10,NSW,SMB,Managed Network,2000,2933.33,0,0,0,0,0
1/02/2023,2023,10,NSW,SMB,Broadband,8000,12833.33,0,0,22,7,400
1/02/2023,2023,10,NSW,SMB,Mobile,5500,9166.67,0,0,0,0,0
1/02/2023,2023,10,NSW,SMB,Fibre,5000,7333.33,0,0,0,0,0
1/02/2023,2023,10,NSW,SMB,Cloud Connect,2000,4400,0,0,0,0,0
1/02/2023,2023,10,NSW,SMB,Managed Network,2000,2933.33,0,0,0,0,0
1/03/2023,2023,10,NSW,SMB,Broadband,7500,12833.33,0,0,77,12,100
1/03/2023,2023,10,NSW,SMB,Mobile,5000,9166.67,0,0,0,0,0
1/03/2023,2023,10,NSW,SMB,Fibre,4500,7333.33,0,0,0,0,0
1/03/2023,2023,10,NSW,SMB,Cloud Connect,3000,4400,0,0,0,0,0
1/03/2023,2023,10,NSW,SMB,Managed Network,1500,2933.33,0,0,0,0,0
1/04/2023,2023,10,NSW,SMB,Broadband,10000,12833.33,1,300,71,9,300
1/04/2023,2023,10,NSW,SMB,Mobile,8500,9166.67,0,0,0,0,0
1/04/2023,2023,10,NSW,SMB,Fibre,6500,7333.33,0,0,0,0,0
1/04/2023,2023,10,NSW,SMB,Cloud Connect,3500,4400,0,0,0,0,0
1/04/2023,2023,10,NSW,SMB,Managed Network,2000,2933.33,0,0,0,0,0
1/05/2023,2023,10,NSW,SMB,Broadband,9500,12833.33,1,900,73,9,500
1/05/2023,2023,10,NSW,SMB,Mobile,7000,9166.67,0,0,0,0,0
1/05/2023,2023,10,NSW,SMB,Fibre,5500,7333.33,0,0,0,0,0
1/05/2023,2023,10,NSW,SMB,Cloud Connect,3500,4400,0,0,0,0,0
1/05/2023,2023,10,NSW,SMB,Managed Network,3000,2933.33,0,0,0,0,0
1/06/2023,2023,10,NSW,SMB,Broadband,10000,12833.33,4,3700,22,7,200
1/06/2023,2023,10,NSW,SMB,Mobile,7000,9166.67,0,0,0,0,0
1/06/2023,2023,10,NSW,SMB,Fibre,5000,7333.33,0,0,0,0,0
1/06/2023,2023,10,NSW,SMB,Cloud Connect,3000,4400,0,0,0,0,0
1/06/2023,2023,10,NSW,SMB,Managed Network,2500,2933.33,0,0,0,0,0
1/07/2023,2023,10,NSW,SMB,Broadband,8000,12833.33,1,400,65,12,300
1/07/2023,2023,10,NSW,SMB,Mobile,6000,9166.67,0,0,0,0,0
1/07/2023,2023,10,NSW,SMB,Fibre,4500,7333.33,0,0,0,0,0
1/07/2023,2023,10,NSW,SMB,Cloud Connect,2500,4400,0,0,0,0,0
1/07/2023,2023,10,NSW,SMB,Managed Network,1500,2933.33,0,0,0,0,0
1/08/2023,2023,10,NSW,SMB,Broadband,9000,12833.33,3,2700,64,4,400
1/08/2023,2023,10,NSW,SMB,Mobile,7000,9166.67,0,0,0,0,0
1/08/2023,2023,10,NSW,SMB,Fibre,6500,7333.33,0,0,0,0,0
1/08/2023,2023,10,NSW,SMB,Cloud Connect,3500,4400,0,0,0,0,0
1/08/2023,2023,10,NSW,SMB,Managed Network,2500,2933.33,0,0,0,0,0
1/09/2023,2023,10,NSW,SMB,Broadband,10500,12833.33,4,3000,26,14,500
1/09/2023,2023,10,NSW,SMB,Mobile,6500,9166.67,0,0,0,0,0
1/09/2023,2023,10,NSW,SMB,Fibre,5000,7333.33,0,0,0,0,0
1/09/2023,2023,10,NSW,SMB,Cloud Connect,3000,4400,0,0,0,0,0
1/09/2023,2023,10,NSW,SMB,Managed Network,2000,2933.33,0,0,0,0,0
1/10/2023,2023,10,NSW,SMB,Broadband,7500,12833.33,1,1600,74,18,400
1/10/2023,2023,10,NSW,SMB,Mobile,6500,9166.67,0,0,0,0,0
1/10/2023,2023,10,NSW,SMB,Fibre,4000,7333.33,0,0,0,0,0
1/10/2023,2023,10,NSW,SMB,Cloud Connect,3000,4400,0,0,0,0,0
1/10/2023,2023,10,NSW,SMB,Managed Network,2000,2933.33,0,0,0,0,0
1/11/2023,2023,10,NSW,SMB,Broadband,10000,12833.33,4,5000,26,4,400
1/11/2023,2023,10,NSW,SMB,Mobile,8500,9166.67,0,0,0,0,0
1/11/2023,2023,10,NSW,SMB,Fibre,6500,7333.33,0,0,0,0,0
1/11/2023,2023,10,NSW,SMB,Cloud Connect,3500,4400,0,0,0,0,0
1/11/2023,2023,10,NSW,SMB,Managed Network,3000,2933.33,0,0,0,0,0
1/12/2023,2023,10,NSW,SMB,Broadband,14000,12833.33,4,4300,63,13,200
1/12/2023,2023,10,NSW,SMB,Mobile,9000,9166.67,0,0,0,0,0
1/12/2023,2023,10,NSW,SMB,Fibre,6500,7333.33,0,0,0,0,0
1/12/2023,2023,10,NSW,SMB,Cloud Connect,5000,4400,0,0,0,0,0
1/12/2023,2023,10,NSW,SMB,Managed Network,3500,2933.33,0,0,0,0,0
1/01/2024,2024,10,NSW,SMB,Broadband,8500,12833.33,0,0,50,18,100
1/01/2024,2024,10,NSW,SMB,Mobile,5000,9166.67,0,0,0,0,0
1/01/2024,2024,10,NSW,SMB,Fibre,5000,7333.33,0,0,0,0,0
1/01/2024,2024,10,NSW,SMB,Cloud Connect,2500,4400,0,0,0,0,0
1/01/2024,2024,10,NSW,SMB,Managed Network,1500,2933.33,0,0,0,0,0
1/02/2024,2024,10,NSW,SMB,Broadband,8000,12833.33,2,1400,41,7,100
1/02/2024,2024,10,NSW,SMB,Mobile,4500,9166.67,0,0,0,0,0
1/02/2024,2024,10,NSW,SMB,Fibre,3500,7333.33,0,0,0,0,0
1/02/2024,2024,10,NSW,SMB,Cloud Connect,3000,4400,0,0,0,0,0
1/02/2024,2024,10,NSW,SMB,Managed Network,1500,2933.33,0,0,0,0,0
1/03/2024,2024,10,NSW,SMB,Broadband,9500,12833.33,1,800,58,8,400
1/03/2024,2024,10,NSW,SMB,Mobile,6500,9166.67,0,0,0,0,0
1/03/2024,2024,10,NSW,SMB,Fibre,5000,7333.33,0,0,0,0,0
1/03/2024,2024,10,NSW,SMB,Cloud Connect,3000,4400,0,0,0,0,0
1/03/2024,2024,10,NSW,SMB,Managed Network,1500,2933.33,0,0,0,0,0
1/04/2024,2024,10,NSW,SMB,Broadband,8500,12833.33,3,4000,50,17,200
1/04/2024,2024,10,NSW,SMB,Mobile,7000,9166.67,0,0,0,0,0
1/04/2024,2024,10,NSW,SMB,Fibre,6500,7333.33,0,0,0,0,0
1/04/2024,2024,10,NSW,SMB,Cloud Connect,3000,4400,0,0,0,0,0
1/04/2024,2024,10,NSW,SMB,Managed Network,2000,2933.33,0,0,0,0,0
1/05/2024,2024,10,NSW,SMB,Broadband,11000,12833.33,1,1400,77,3,300
1/05/2024,2024,10,NSW,SMB,Mobile,6000,9166.67,0,0,0,0,0
1/05/2024,2024,10,NSW,SMB,Fibre,5500,7333.33,0,0,0,0,0
1/05/2024,2024,10,NSW,SMB,Cloud Connect,3500,4400,0,0,0,0,0
1/05/2024,2024,10,NSW,SMB,Managed Network,2000,2933.33,0,0,0,0,0
1/06/2024,2024,10,NSW,SMB,Broadband,9500,12833.33,0,0,48,18,200
1/06/2024,2024,10,NSW,SMB,Mobile,8000,9166.67,0,0,0,0,0
1/06/2024,2024,10,NSW,SMB,Fibre,6500,7333.33,0,0,0,0,0
1/06/2024,2024,10,NSW,SMB,Cloud Connect,3500,4400,0,0,0,0,0
1/06/2024,2024,10,NSW,SMB,Managed Network,2000,2933.33,0,0,0,0,0
1/07/2024,2024,10,NSW,SMB,Broadband,8500,12833.33,0,0,21,18,400
1/07/2024,2024,10,NSW,SMB,Mobile,7000,9166.67,0,0,0,0,0
1/07/2024,2024,10,NSW,SMB,Fibre,6000,7333.33,0,0,0,0,0
1/07/2024,2024,10,NSW,SMB,Cloud Connect,3500,4400,0,0,0,0,0
1/07/2024,2024,10,NSW,SMB,Managed Network,2000,2933.33,0,0,0,0,0
1/08/2024,2024,10,NSW,SMB,Broadband,10000,12833.33,3,4400,43,17,500
1/08/2024,2024,10,NSW,SMB,Mobile,7500,9166.67,0,0,0,0,0
1/08/2024,2024,10,NSW,SMB,Fibre,5000,7333.33,0,0,0,0,0
1/08/2024,2024,10,NSW,SMB,Cloud Connect,3500,4400,0,0,0,0,0
1/08/2024,2024,10,NSW,SMB,Managed Network,2000,2933.33,0,0,0,0,0
1/09/2024,2024,10,NSW,SMB,Broadband,8000,12833.33,2,3100,54,9,400
1/09/2024,2024,10,NSW,SMB,Mobile,7000,9166.67,0,0,0,0,0
1/09/2024,2024,10,NSW,SMB,Fibre,5500,7333.33,0,0,0,0,0
1/09/2024,2024,10,NSW,SMB,Cloud Connect,2500,4400,0,0,0,0,0
1/09/2024,2024,10,NSW,SMB,Managed Network,2500,2933.33,0,0,0,0,0
1/10/2024,2024,10,NSW,SMB,Broadband,11000,12833.33,0,0,44,14,300
1/10/2024,2024,10,NSW,SMB,Mobile,7500,9166.67,0,0,0,0,0
1/10/2024,2024,10,NSW,SMB,Fibre,5500,7333.33,0,0,0,0,0
1/10/2024,2024,10,NSW,SMB,Cloud Connect,4000,4400,0,0,0,0,0
1/10/2024,2024,10,NSW,SMB,Managed Network,2000,2933.33,0,0,0,0,0
1/11/2024,2024,10,NSW,SMB,Broadband,11500,12833.33,1,900,35,6,400
1/11/2024,2024,10,NSW,SMB,Mobile,9500,9166.67,0,0,0,0,0
1/11/2024,2024,10,NSW,SMB,Fibre,7000,7333.33,0,0,0,0,0
1/11/2024,2024,10,NSW,SMB,Cloud Connect,4500,4400,0,0,0,0,0
1/11/2024,2024,10,NSW,SMB,Managed Network,2500,2933.33,0,0,0,0,0
1/12/2024,2024,10,NSW,SMB,Broadband,10500,12833.33,2,1600,52,16,200
1/12/2024,2024,10,NSW,SMB,Mobile,8500,9166.67,0,0,0,0,0
1/12/2024,2024,10,NSW,SMB,Fibre,7000,7333.33,0,0,0,0,0
1/12/2024,2024,10,NSW,SMB,Cloud Connect,4000,4400,0,0,0,0,0
1/12/2024,2024,10,NSW,SMB,Managed Network,3000,2933.33,0,0,0,0,0
1/01/2023,2023,11,VIC,Government,Fibre,13500,12750,2,15200,59,14,400
1/01/2023,2023,11,VIC,Government,Managed Network,13000,12750,0,0,0,0,0
1/01/2023,2023,11,VIC,Government,Cloud Connect,9000,8500,0,0,0,0,0
1/01/2023,2023,11,VIC,Government,Broadband,4000,5100,0,0,0,0,0
1/01/2023,2023,11,VIC,Government,Mobile,3500,3400,0,0,0,0,0
1/02/2023,2023,11,VIC,Government,Fibre,9000,12750,1,4400,38,5,200
1/02/2023,2023,11,VIC,Government,Managed Network,9000,12750,0,0,0,0,0
1/02/2023,2023,11,VIC,Government,Cloud Connect,6000,8500,0,0,0,0,0
1/02/2023,2023,11,VIC,Government,Broadband,3500,5100,0,0,0,0,0
1/02/2023,2023,11,VIC,Government,Mobile,2500,3400,0,0,0,0,0
1/03/2023,2023,11,VIC,Government,Fibre,12000,12750,1,8300,63,7,300
1/03/2023,2023,11,VIC,Government,Managed Network,12500,12750,0,0,0,0,0
1/03/2023,2023,11,VIC,Government,Cloud Connect,9000,8500,0,0,0,0,0
1/03/2023,2023,11,VIC,Government,Broadband,5000,5100,0,0,0,0,0
1/03/2023,2023,11,VIC,Government,Mobile,3000,3400,0,0,0,0,0
1/04/2023,2023,11,VIC,Government,Fibre,14500,12750,2,19100,46,13,400
1/04/2023,2023,11,VIC,Government,Managed Network,13500,12750,0,0,0,0,0
1/04/2023,2023,11,VIC,Government,Cloud Connect,9500,8500,0,0,0,0,0
1/04/2023,2023,11,VIC,Government,Broadband,6000,5100,0,0,0,0,0
1/04/2023,2023,11,VIC,Government,Mobile,4000,3400,0,0,0,0,0
1/05/2023,2023,11,VIC,Government,Fibre,11500,12750,2,18100,39,8,200
1/05/2023,2023,11,VIC,Government,Managed Network,12500,12750,0,0,0,0,0
1/05/2023,2023,11,VIC,Government,Cloud Connect,8000,8500,0,0,0,0,0
1/05/2023,2023,11,VIC,Government,Broadband,5500,5100,0,0,0,0,0
1/05/2023,2023,11,VIC,Government,Mobile,3000,3400,0,0,0,0,0
1/06/2023,2023,11,VIC,Government,Fibre,13500,12750,0,0,59,8,500
1/06/2023,2023,11,VIC,Government,Managed Network,12000,12750,0,0,0,0,0
1/06/2023,2023,11,VIC,Government,Cloud Connect,8000,8500,0,0,0,0,0
1/06/2023,2023,11,VIC,Government,Broadband,5500,5100,0,0,0,0,0
1/06/2023,2023,11,VIC,Government,Mobile,4000,3400,0,0,0,0,0
1/07/2023,2023,11,VIC,Government,Fibre,14500,12750,0,0,27,4,300
1/07/2023,2023,11,VIC,Government,Managed Network,14000,12750,0,0,0,0,0
1/07/2023,2023,11,VIC,Government,Cloud Connect,9000,8500,0,0,0,0,0
1/07/2023,2023,11,VIC,Government,Broadband,5000,5100,0,0,0,0,0
1/07/2023,2023,11,VIC,Government,Mobile,4000,3400,0,0,0,0,0
1/08/2023,2023,11,VIC,Government,Fibre,17000,12750,0,0,43,17,400
1/08/2023,2023,11,VIC,Government,Managed Network,15000,12750,0,0,0,0,0
1/08/2023,2023,11,VIC,Government,Cloud Connect,8500,8500,0,0,0,0,0
1/08/2023,2023,11,VIC,Government,Broadband,5000,5100,0,0,0,0,0
1/08/2023,2023,11,VIC,Government,Mobile,4500,3400,0,0,0,0,0
1/09/2023,2023,11,VIC,Government,Fibre,17000,12750,1,4100,20,13,400
1/09/2023,2023,11,VIC,Government,Managed Network,16000,12750,0,0,0,0,0
1/09/2023,2023,11,VIC,Government,Cloud Connect,10000,8500,0,0,0,0,0
1/09/2023,2023,11,VIC,Government,Broadband,7500,5100,0,0,0,0,0
1/09/2023,2023,11,VIC,Government,Mobile,5000,3400,0,0,0,0,0
1/10/2023,2023,11,VIC,Government,Fibre,14000,12750,2,22100,41,6,500
1/10/2023,2023,11,VIC,Government,Managed Network,12000,12750,0,0,0,0,0
1/10/2023,2023,11,VIC,Government,Cloud Connect,10000,8500,0,0,0,0,0
1/10/2023,2023,11,VIC,Government,Broadband,5000,5100,0,0,0,0,0
1/10/2023,2023,11,VIC,Government,Mobile,3000,3400,0,0,0,0,0
1/11/2023,2023,11,VIC,Government,Fibre,15500,12750,1,7400,25,13,100
1/11/2023,2023,11,VIC,Government,Managed Network,13500,12750,0,0,0,0,0
1/11/2023,2023,11,VIC,Government,Cloud Connect,10000,8500,0,0,0,0,0
1/11/2023,2023,11,VIC,Government,Broadband,6500,5100,0,0,0,0,0
1/11/2023,2023,11,VIC,Government,Mobile,4500,3400,0,0,0,0,0
1/12/2023,2023,11,VIC,Government,Fibre,12000,12750,2,24200,63,5,400
1/12/2023,2023,11,VIC,Government,Managed Network,12500,12750,0,0,0,0,0
1/12/2023,2023,11,VIC,Government,Cloud Connect,8500,8500,0,0,0,0,0
1/12/2023,2023,11,VIC,Government,Broadband,5000,5100,0,0,0,0,0
1/12/2023,2023,11,VIC,Government,Mobile,3000,3400,0,0,0,0,0
1/01/2024,2024,11,VIC,Government,Fibre,11000,12750,0,0,65,16,300
1/01/2024,2024,11,VIC,Government,Managed Network,9500,12750,0,0,0,0,0
1/01/2024,2024,11,VIC,Government,Cloud Connect,7000,8500,0,0,0,0,0
1/01/2024,2024,11,VIC,Government,Broadband,4000,5100,0,0,0,0,0
1/01/2024,2024,11,VIC,Government,Mobile,3000,3400,0,0,0,0,0
1/02/2024,2024,11,VIC,Government,Fibre,10000,12750,2,22400,46,17,200
1/02/2024,2024,11,VIC,Government,Managed Network,11500,12750,0,0,0,0,0
1/02/2024,2024,11,VIC,Government,Cloud Connect,8000,8500,0,0,0,0,0
1/02/2024,2024,11,VIC,Government,Broadband,4500,5100,0,0,0,0,0
1/02/2024,2024,11,VIC,Government,Mobile,3000,3400,0,0,0,0,0
1/03/2024,2024,11,VIC,Government,Fibre,14500,12750,0,0,33,12,300
1/03/2024,2024,11,VIC,Government,Managed Network,12500,12750,0,0,0,0,0
1/03/2024,2024,11,VIC,Government,Cloud Connect,8000,8500,0,0,0,0,0
1/03/2024,2024,11,VIC,Government,Broadband,5500,5100,0,0,0,0,0
1/03/2024,2024,11,VIC,Government,Mobile,3500,3400,0,0,0,0,0
1/04/2024,2024,11,VIC,Government,Fibre,9500,12750,1,12000,78,11,300
1/04/2024,2024,11,VIC,Government,Managed Network,10500,12750,0,0,0,0,0
1/04/2024,2024,11,VIC,Government,Cloud Connect,7500,8500,0,0,0,0,0
1/04/2024,2024,11,VIC,Government,Broadband,5000,5100,0,0,0,0,0
1/04/2024,2024,11,VIC,Government,Mobile,2500,3400,0,0,0,0,0
1/05/2024,2024,11,VIC,Government,Fibre,13500,12750,2,11700,72,12,400
1/05/2024,2024,11,VIC,Government,Managed Network,15000,12750,0,0,0,0,0
1/05/2024,2024,11,VIC,Government,Cloud Connect,9500,8500,0,0,0,0,0
1/05/2024,2024,11,VIC,Government,Broadband,5000,5100,0,0,0,0,0
1/05/2024,2024,11,VIC,Government,Mobile,3500,3400,0,0,0,0,0
1/06/2024,2024,11,VIC,Government,Fibre,13500,12750,2,27100,50,6,400
1/06/2024,2024,11,VIC,Government,Managed Network,12000,12750,0,0,0,0,0
1/06/2024,2024,11,VIC,Government,Cloud Connect,8000,8500,0,0,0,0,0
1/06/2024,2024,11,VIC,Government,Broadband,6000,5100,0,0,0,0,0
1/06/2024,2024,11,VIC,Government,Mobile,3500,3400,0,0,0,0,0
1/07/2024,2024,11,VIC,Government,Fibre,11500,12750,1,9600,24,14,400
1/07/2024,2024,11,VIC,Government,Managed Network,11500,12750,0,0,0,0,0
1/07/2024,2024,11,VIC,Government,Cloud Connect,7000,8500,0,0,0,0,0
1/07/2024,2024,11,VIC,Government,Broadband,5000,5100,0,0,0,0,0
1/07/2024,2024,11,VIC,Government,Mobile,3500,3400,0,0,0,0,0
1/08/2024,2024,11,VIC,Government,Fibre,16000,12750,2,24400,21,11,200
1/08/2024,2024,11,VIC,Government,Managed Network,14000,12750,0,0,0,0,0
1/08/2024,2024,11,VIC,Government,Cloud Connect,10500,8500,0,0,0,0,0
1/08/2024,2024,11,VIC,Government,Broadband,6500,5100,0,0,0,0,0
1/08/2024,2024,11,VIC,Government,Mobile,4000,3400,0,0,0,0,0
1/09/2024,2024,11,VIC,Government,Fibre,10500,12750,1,11900,78,14,100
1/09/2024,2024,11,VIC,Government,Managed Network,11000,12750,0,0,0,0,0
1/09/2024,2024,11,VIC,Government,Cloud Connect,8500,8500,0,0,0,0,0
1/09/2024,2024,11,VIC,Government,Broadband,4500,5100,0,0,0,0,0
1/09/2024,2024,11,VIC,Government,Mobile,3000,3400,0,0,0,0,0
1/10/2024,2024,11,VIC,Government,Fibre,13000,12750,2,18000,54,13,300
1/10/2024,2024,11,VIC,Government,Managed Network,12500,12750,0,0,0,0,0
1/10/2024,2024,11,VIC,Government,Cloud Connect,7500,8500,0,0,0,0,0
1/10/2024,2024,11,VIC,Government,Broadband,5000,5100,0,0,0,0,0
1/10/2024,2024,11,VIC,Government,Mobile,3500,3400,0,0,0,0,0
1/11/2024,2024,11,VIC,Government,Fibre,12000,12750,0,0,20,7,400
1/11/2024,2024,11,VIC,Government,Managed Network,14000,12750,0,0,0,0,0
1/11/2024,2024,11,VIC,Government,Cloud Connect,8500,8500,0,0,0,0,0
1/11/2024,2024,11,VIC,Government,Broadband,6000,5100,0,0,0,0,0
1/11/2024,2024,11,VIC,Government,Mobile,3000,3400,0,0,0,0,0
1/12/2024,2024,11,VIC,Government,Fibre,15000,12750,0,0,73,9,400
1/12/2024,2024,11,VIC,Government,Managed Network,16000,12750,0,0,0,0,0
1/12/2024,2024,11,VIC,Government,Cloud Connect,10000,8500,0,0,0,0,0
1/12/2024,2024,11,VIC,Government,Broadband,6000,5100,0,0,0,0,0
1/12/2024,2024,11,VIC,Government,Mobile,4000,3400,0,0,0,0,0
1/01/2023,2023,12,QLD,SMB,Broadband,9500,11666.67,0,0,27,7,100
1/01/2023,2023,12,QLD,SMB,Mobile,6500,8333.33,0,0,0,0,0
1/01/2023,2023,12,QLD,SMB,Fibre,5500,6666.67,0,0,0,0,0
1/01/2023,2023,12,QLD,SMB,Cloud Connect,3500,4000,0,0,0,0,0
1/01/2023,2023,12,QLD,SMB,Managed Network,2500,2666.67,0,0,0,0,0
1/02/2023,2023,12,QLD,SMB,Broadband,14500,11666.67,2,2300,39,3,500
1/02/2023,2023,12,QLD,SMB,Mobile,8500,8333.33,0,0,0,0,0
1/02/2023,2023,12,QLD,SMB,Fibre,8500,6666.67,0,0,0,0,0
1/02/2023,2023,12,QLD,SMB,Cloud Connect,4000,4000,0,0,0,0,0
1/02/2023,2023,12,QLD,SMB,Managed Network,3000,2666.67,0,0,0,0,0
1/03/2023,2023,12,QLD,SMB,Broadband,8500,11666.67,0,0,47,6,100
1/03/2023,2023,12,QLD,SMB,Mobile,7000,8333.33,0,0,0,0,0
1/03/2023,2023,12,QLD,SMB,Fibre,5500,6666.67,0,0,0,0,0
1/03/2023,2023,12,QLD,SMB,Cloud Connect,3000,4000,0,0,0,0,0
1/03/2023,2023,12,QLD,SMB,Managed Network,2000,2666.67,0,0,0,0,0
1/04/2023,2023,12,QLD,SMB,Broadband,12500,11666.67,0,0,50,6,200
1/04/2023,2023,12,QLD,SMB,Mobile,9500,8333.33,0,0,0,0,0
1/04/2023,2023,12,QLD,SMB,Fibre,7000,6666.67,0,0,0,0,0
1/04/2023,2023,12,QLD,SMB,Cloud Connect,4500,4000,0,0,0,0,0
1/04/2023,2023,12,QLD,SMB,Managed Network,3000,2666.67,0,0,0,0,0
1/05/2023,2023,12,QLD,SMB,Broadband,12500,11666.67,1,600,62,14,100
1/05/2023,2023,12,QLD,SMB,Mobile,11000,8333.33,0,0,0,0,0
1/05/2023,2023,12,QLD,SMB,Fibre,9000,6666.67,0,0,0,0,0
1/05/2023,2023,12,QLD,SMB,Cloud Connect,5500,4000,0,0,0,0,0
1/05/2023,2023,12,QLD,SMB,Managed Network,3000,2666.67,0,0,0,0,0
1/06/2023,2023,12,QLD,SMB,Broadband,11000,11666.67,4,3600,26,3,400
1/06/2023,2023,12,QLD,SMB,Mobile,8000,8333.33,0,0,0,0,0
1/06/2023,2023,12,QLD,SMB,Fibre,6500,6666.67,0,0,0,0,0
1/06/2023,2023,12,QLD,SMB,Cloud Connect,4500,4000,0,0,0,0,0
1/06/2023,2023,12,QLD,SMB,Managed Network,3000,2666.67,0,0,0,0,0
1/07/2023,2023,12,QLD,SMB,Broadband,16500,11666.67,1,1200,74,18,300
1/07/2023,2023,12,QLD,SMB,Mobile,10000,8333.33,0,0,0,0,0
1/07/2023,2023,12,QLD,SMB,Fibre,9500,6666.67,0,0,0,0,0
1/07/2023,2023,12,QLD,SMB,Cloud Connect,4500,4000,0,0,0,0,0
1/07/2023,2023,12,QLD,SMB,Managed Network,4000,2666.67,0,0,0,0,0
1/08/2023,2023,12,QLD,SMB,Broadband,19000,11666.67,1,1300,34,16,200
1/08/2023,2023,12,QLD,SMB,Mobile,12000,8333.33,0,0,0,0,0
1/08/2023,2023,12,QLD,SMB,Fibre,10000,6666.67,0,0,0,0,0
1/08/2023,2023,12,QLD,SMB,Cloud Connect,6000,4000,0,0,0,0,0
1/08/2023,2023,12,QLD,SMB,Managed Network,4000,2666.67,0,0,0,0,0
1/09/2023,2023,12,QLD,SMB,Broadband,12500,11666.67,4,3300,51,6,300
1/09/2023,2023,12,QLD,SMB,Mobile,9500,8333.33,0,0,0,0,0
1/09/2023,2023,12,QLD,SMB,Fibre,7000,6666.67,0,0,0,0,0
1/09/2023,2023,12,QLD,SMB,Cloud Connect,5000,4000,0,0,0,0,0
1/09/2023,2023,12,QLD,SMB,Managed Network,3000,2666.67,0,0,0,0,0
1/10/2023,2023,12,QLD,SMB,Broadband,15000,11666.67,3,2900,77,18,400
1/10/2023,2023,12,QLD,SMB,Mobile,9500,8333.33,0,0,0,0,0
1/10/2023,2023,12,QLD,SMB,Fibre,9500,6666.67,0,0,0,0,0
1/10/2023,2023,12,QLD,SMB,Cloud Connect,5500,4000,0,0,0,0,0
1/10/2023,2023,12,QLD,SMB,Managed Network,3500,2666.67,0,0,0,0,0
1/11/2023,2023,12,QLD,SMB,Broadband,15500,11666.67,0,0,29,15,300
1/11/2023,2023,12,QLD,SMB,Mobile,12000,8333.33,0,0,0,0,0
1/11/2023,2023,12,QLD,SMB,Fibre,9000,6666.67,0,0,0,0,0
1/11/2023,2023,12,QLD,SMB,Cloud Connect,5500,4000,0,0,0,0,0
1/11/2023,2023,12,QLD,SMB,Managed Network,3000,2666.67,0,0,0,0,0
1/12/2023,2023,12,QLD,SMB,Broadband,13500,11666.67,2,2000,74,15,200
1/12/2023,2023,12,QLD,SMB,Mobile,10000,8333.33,0,0,0,0,0
1/12/2023,2023,12,QLD,SMB,Fibre,8500,6666.67,0,0,0,0,0
1/12/2023,2023,12,QLD,SMB,Cloud Connect,5500,4000,0,0,0,0,0
1/12/2023,2023,12,QLD,SMB,Managed Network,3500,2666.67,0,0,0,0,0
1/01/2024,2024,12,QLD,SMB,Broadband,12500,11666.67,3,3700,58,15,300
1/01/2024,2024,12,QLD,SMB,Mobile,8000,8333.33,0,0,0,0,0
1/01/2024,2024,12,QLD,SMB,Fibre,7000,6666.67,0,0,0,0,0
1/01/2024,2024,12,QLD,SMB,Cloud Connect,4000,4000,0,0,0,0,0
1/01/2024,2024,12,QLD,SMB,Managed Network,3000,2666.67,0,0,0,0,0
1/02/2024,2024,12,QLD,SMB,Broadband,10000,11666.67,0,0,26,4,100
1/02/2024,2024,12,QLD,SMB,Mobile,6000,8333.33,0,0,0,0,0
1/02/2024,2024,12,QLD,SMB,Fibre,5000,6666.67,0,0,0,0,0
1/02/2024,2024,12,QLD,SMB,Cloud Connect,3500,4000,0,0,0,0,0
1/02/2024,2024,12,QLD,SMB,Managed Network,2000,2666.67,0,0,0,0,0
1/03/2024,2024,12,QLD,SMB,Broadband,13000,11666.67,0,0,68,5,400
1/03/2024,2024,12,QLD,SMB,Mobile,9500,8333.33,0,0,0,0,0
1/03/2024,2024,12,QLD,SMB,Fibre,7500,6666.67,0,0,0,0,0
1/03/2024,2024,12,QLD,SMB,Cloud Connect,4000,4000,0,0,0,0,0
1/03/2024,2024,12,QLD,SMB,Managed Network,3000,2666.67,0,0,0,0,0
1/04/2024,2024,12,QLD,SMB,Broadband,11000,11666.67,4,6100,54,3,500
1/04/2024,2024,12,QLD,SMB,Mobile,9000,8333.33,0,0,0,0,0
1/04/2024,2024,12,QLD,SMB,Fibre,8000,6666.67,0,0,0,0,0
1/04/2024,2024,12,QLD,SMB,Cloud Connect,4000,4000,0,0,0,0,0
1/04/2024,2024,12,QLD,SMB,Managed Network,2500,2666.67,0,0,0,0,0
1/05/2024,2024,12,QLD,SMB,Broadband,13500,11666.67,0,0,22,8,400
1/05/2024,2024,12,QLD,SMB,Mobile,10000,8333.33,0,0,0,0,0
1/05/2024,2024,12,QLD,SMB,Fibre,8000,6666.67,0,0,0,0,0
1/05/2024,2024,12,QLD,SMB,Cloud Connect,4000,4000,0,0,0,0,0
1/05/2024,2024,12,QLD,SMB,Managed Network,3000,2666.67,0,0,0,0,0
1/06/2024,2024,12,QLD,SMB,Broadband,13000,11666.67,3,3600,63,18,400
1/06/2024,2024,12,QLD,SMB,Mobile,9000,8333.33,0,0,0,0,0
1/06/2024,2024,12,QLD,SMB,Fibre,7000,6666.67,0,0,0,0,0
1/06/2024,2024,12,QLD,SMB,Cloud Connect,4500,4000,0,0,0,0,0
1/06/2024,2024,12,QLD,SMB,Managed Network,2500,2666.67,0,0,0,0,0
1/07/2024,2024,12,QLD,SMB,Broadband,12500,11666.67,3,3900,63,14,500
1/07/2024,2024,12,QLD,SMB,Mobile,7500,8333.33,0,0,0,0,0
1/07/2024,2024,12,QLD,SMB,Fibre,5500,6666.67,0,0,0,0,0
1/07/2024,2024,12,QLD,SMB,Cloud Connect,3500,4000,0,0,0,0,0
1/07/2024,2024,12,QLD,SMB,Managed Network,3000,2666.67,0,0,0,0,0
1/08/2024,2024,12,QLD,SMB,Broadband,13500,11666.67,4,4500,44,6,300
1/08/2024,2024,12,QLD,SMB,Mobile,9500,8333.33,0,0,0,0,0
1/08/2024,2024,12,QLD,SMB,Fibre,7500,6666.67,0,0,0,0,0
1/08/2024,2024,12,QLD,SMB,Cloud Connect,5000,4000,0,0,0,0,0
1/08/2024,2024,12,QLD,SMB,Managed Network,3000,2666.67,0,0,0,0,0
1/09/2024,2024,12,QLD,SMB,Broadband,13500,11666.67,0,0,75,12,200
1/09/2024,2024,12,QLD,SMB,Mobile,9000,8333.33,0,0,0,0,0
1/09/2024,2024,12,QLD,SMB,Fibre,8000,6666.67,0,0,0,0,0
1/09/2024,2024,12,QLD,SMB,Cloud Connect,5000,4000,0,0,0,0,0
1/09/2024,2024,12,QLD,SMB,Managed Network,3500,2666.67,0,0,0,0,0
1/10/2024,2024,12,QLD,SMB,Broadband,16000,11666.67,2,1800,50,3,300
1/10/2024,2024,12,QLD,SMB,Mobile,11500,8333.33,0,0,0,0,0
1/10/2024,2024,12,QLD,SMB,Fibre,9500,6666.67,0,0,0,0,0
1/10/2024,2024,12,QLD,SMB,Cloud Connect,6000,4000,0,0,0,0,0
1/10/2024,2024,12,QLD,SMB,Managed Network,3500,2666.67,0,0,0,0,0
1/11/2024,2024,12,QLD,SMB,Broadband,17500,11666.67,3,4900,62,13,200
1/11/2024,2024,12,QLD,SMB,Mobile,11500,8333.33,0,0,0,0,0
1/11/2024,2024,12,QLD,SMB,Fibre,9500,6666.67,0,0,0,0,0
1/11/2024,2024,12,QLD,SMB,Cloud Connect,6000,4000,0,0,0,0,0
1/11/2024,2024,12,QLD,SMB,Managed Network,4000,2666.67,0,0,0,0,0
1/12/2024,2024,12,QLD,SMB,Broadband,21500,11666.67,1,800,36,4,300
1/12/2024,2024,12,QLD,SMB,Mobile,13000,8333.33,0,0,0,0,0
1/12/2024,2024,12,QLD,SMB,Fibre,10000,6666.67,0,0,0,0,0
1/12/2024,2024,12,QLD,SMB,Cloud Connect,7000,4000,0,0,0,0,0
1/12/2024,2024,12,QLD,SMB,Managed Network,4000,2666.67,0,0,0,0,0
